acquision_function,seed,iteration_number,normal,covid,train_time,batch_time
lc,1234,0,0.3,0.7,320.5846542287618,55.22545436397195
lc,1234,1,0.15,0.85,161.50036291917786,54.47851443802938
lc,1234,2,0.5,0.5,399.5115237380378,53.679106059949845
lc,1234,3,0.5,0.5,280.7256123921834,53.03560559032485
lc,1234,4,0.3,0.7,241.98300487780944,53.76092047803104
lc,1234,5,0.4,0.6,401.0028780819848,52.213678759057075
lc,1234,6,0.35,0.65,359.9993789191358,50.87265223124996
lc,1234,7,0.25,0.75,400.1684110998176,50.21304801013321
lc,1234,8,0.75,0.25,242.02951286686584,49.47481590975076
lc,1234,9,0.8,0.2,360.73307843180373,49.01870014797896
lc,1234,10,0.2,0.8,162.2185093718581,48.44166102493182
lc,1234,11,0.1,0.9,439.3008418371901,47.71563162095845
lc,1234,12,0.4,0.6,281.3561838809401,48.26163875032216
lc,1234,13,0,1.0,321.20398249384016,46.4973883619532
lc,1234,14,0,1.0,161.95773602789268,46.01061386382207
lc,1234,15,0.3,0.7,399.1458091121167,45.45787907065824
lc,1234,16,0.9,0.1,162.3573432583362,44.48472524480894
lc,1234,17,0.1,0.9,597.7403492182493,44.11219820380211
lc,1234,18,0.35,0.65,281.3741283789277,43.398947739973664
lc,1234,19,0.35,0.65,519.3981211492792,42.41508554900065
vr,9031,0,0.15,0.85,162.26347860693932,55.535359762143344
vr,9031,1,0.4,0.6,279.9132118849084,55.27625156799331
vr,9031,2,0.3,0.7,281.34211453422904,54.55544314812869
vr,9031,3,0.25,0.75,558.6122431382537,53.337376264855266
vr,9031,4,0.4,0.6,361.1880044611171,53.16213096212596
vr,9031,5,0.7,0.3,242.15595181612298,52.10699764499441
vr,9031,6,0.35,0.65,281.52987894183025,51.33104513492435
vr,9031,7,0.45,0.55,320.98181394767016,50.690919554792345
vr,9031,8,0.35,0.65,281.7657754216343,49.79644597740844
vr,9031,9,0.35,0.65,360.5137707940303,50.469392414204776
vr,9031,10,0.4,0.6,321.4248369159177,49.17771032685414
vr,9031,11,0.4,0.6,321.27932896791026,48.11140865087509
vr,9031,12,0.1,0.9,519.1859257179312,47.47134075826034
vr,9031,13,0.5,0.5,320.81493041617796,46.44128942210227
random,9031,0,0.15,0.85,280.84530938696116,0.000553361140191555
random,9031,1,0.2,0.8,321.27331735100597,0.0005494393408298492
random,9031,2,0.15,0.85,361.81507517024875,0.000567146111279726
random,9031,3,0.1,0.9,321.8886826969683,0.000560510903596878
random,9031,4,0.15,0.85,401.7995356027968,0.0006027598865330219
random,9031,5,0.3,0.7,202.75246775802225,0.0005173790268599987
random,9031,6,0.1,0.9,402.660867086146,0.0005746097303926945
random,9031,7,0.1,0.9,243.18880544323474,0.0006106039509177208
random,9031,8,0.15,0.85,403.17418487230316,0.0005867010913789272
random,9031,9,0.05,0.95,362.73162226798013,0.0005650375969707966
random,9031,10,0.15,0.85,282.787782815285,0.000577583909034729
random,9031,11,0.05,0.95,282.6058776988648,0.0005903313867747784
random,9031,12,0.05,0.95,163.6464213952422,0.0005507441237568855
random,9031,13,0.15,0.85,284.08966488810256,0.0007700100541114807
random,9031,14,0.2,0.8,403.3508762908168,0.0005938303656876087
random,9031,15,0.1,0.9,283.83444138616323,0.0005719219334423542
random,9031,16,0.1,0.9,283.22198093729094,0.0005785040557384491
random,9031,17,0.25,0.75,522.6938765402883,0.0005580931901931763
random,9031,18,0.05,0.95,443.18638944765553,0.0006054230034351349
random,9031,19,0.05,0.95,203.66450230777264,0.0005692238919436932
random,9031,20,0.15,0.85,283.9078462328762,0.0005206922069191933
random,9031,21,0.1,0.9,362.87813881691545,0.0005669365637004375
random,9031,22,0.15,0.85,283.68776119174436,0.0006238073110580444
random,9031,23,0.15,0.85,443.32549904007465,0.0005238368175923824
random,9031,24,0.15,0.85,323.1965482197702,0.0005173203535377979
random,9031,25,0.1,0.9,203.70285180397332,0.0005432618781924248
random,9031,26,0.25,0.75,243.04990012710914,0.0005671991966664791
random,9031,27,0.2,0.8,243.92484524892643,0.0006361058913171291
random,9031,28,0.1,0.9,322.72276220517233,0.000585092231631279
random,9031,29,0,1.0,362.55076824780554,0.0005927681922912598
random,9031,30,0.2,0.8,243.35161048779264,0.0005137939006090164
random,9031,31,0.1,0.9,203.80853007920086,0.0005730022676289082
random,9031,32,0.15,0.85,283.93328190408647,0.0006117369048297405
random,9031,33,0.05,0.95,163.6300824820064,0.0005723247304558754
random,9031,34,0.2,0.8,403.91717694234103,0.0005093170329928398
random,9031,35,0,1.0,163.78116746991873,0.0005790391005575657
random,9031,36,0.1,0.9,483.34773762803525,0.0005060560069978237
random,9031,37,0.35,0.65,522.5102879689075,0.0006195558235049248
random,9031,38,0.15,0.85,363.38385317800567,0.0005169780924916267
random,9031,39,0.3,0.7,442.44180601416156,0.0005753389559686184
random,9031,40,0.05,0.95,362.9970177700743,0.0005678711459040642
random,9031,41,0.15,0.85,363.6568395621143,0.0004447069950401783
random,9031,42,0.1,0.9,403.05420528911054,0.0005691489204764366
random,9031,43,0.05,0.95,243.45244036987424,0.0005068108439445496
random,9031,44,0.05,0.95,402.0323966033757,0.0005748569965362549
random,9031,45,0,1.0,243.28955951705575,0.0005431058816611767
random,9031,46,0.15,0.85,323.5660310550593,0.0005862913094460964
random,9031,47,0.15,0.85,323.1352571309544,0.0005545723251998425
random,9031,48,0.2,0.8,362.667425586842,0.0005981298163533211
random,9031,49,0.2,0.8,203.61581701086834,0.0004938398487865925
lc,254,0,0.1,0.9,161.48505346197635,55.400856646709144
lc,254,1,0.3,0.7,160.22146989684552,54.93235704302788
lc,254,2,0.25,0.75,239.51473692292348,54.057172659784555
lc,254,3,0.2,0.8,515.6505148718134,53.23065802222118
lc,254,4,0.4,0.6,436.5350060793571,52.666309678927064
lc,254,5,0.2,0.8,239.78496426995844,51.9557702569291
lc,254,6,0.35,0.65,318.7893696911633,51.24794534780085
lc,254,7,0.45,0.55,241.17975955782458,50.56428437400609
lc,254,8,0.7,0.3,280.53440572181717,49.97160442126915
lc,254,9,0.2,0.8,360.56021932000294,50.93910935195163
lc,254,10,0.45,0.55,479.6490294113755,48.65390617214143
lc,254,11,0.05,0.95,438.8954179212451,48.19910092558712
lc,254,12,0.4,0.6,478.18910655984655,47.44512119097635
vr,1234,0,0.25,0.75,281.0758252609521,55.29483807692304
vr,1234,1,0.25,0.75,201.4727907590568,57.92852030089125
vr,1234,2,0.3,0.7,403.0818691761233,56.85589390108362
vr,1234,3,0.65,0.35,243.80410549324006,56.72610912518576
vr,1234,4,0.65,0.35,281.5489550521597,52.94514717813581
vr,1234,5,0.35,0.65,240.9917370369658,51.89193049212918
vr,1234,6,0.4,0.6,319.9508672906086,51.17173204990104
vr,1234,7,0.1,0.9,399.53975280793384,50.35194666311145
vr,1234,8,0.65,0.35,360.07000137958676,49.70897252764553
vr,1234,9,0.05,0.95,636.746442545671,48.96464736200869
vr,1234,10,0.5,0.5,400.07902988418937,48.34282526280731
vr,1234,11,0.35,0.65,398.8079708190635,47.70723904389888
vr,1234,12,0.2,0.8,361.2979510417208,47.991312825120986
vr,1234,13,0.5,0.5,321.8089647158049,46.365416556131095
vr,1234,14,0.3,0.7,519.2450237451121,45.486773781012744
vr,1234,15,0.75,0.25,320.55146698933095,44.94925590278581
vr,1234,16,0.1,0.9,201.30480602011085,44.36417329963297
vr,1234,17,0.4,0.6,477.81308751925826,43.49983600107953
vr,1234,18,0.1,0.9,201.5638350979425,42.89565011905506
vr,1234,19,0.1,0.9,479.9169523459859,42.102044503204525
vr,1234,20,0.1,0.9,320.4548530508764,41.39180531864986
vr,1234,21,0.3,0.7,361.0288885878399,40.71637128479779
vr,1234,22,0.5,0.5,400.07843338511884,39.9093252918683
vr,1234,23,0,1.0,161.9605937981978,39.25572548201308
vr,1234,24,0.05,0.95,241.37494312226772,38.535093632061034
vr,1234,25,0,1.0,519.2301409370266,37.83558101719245
vr,1234,26,0.1,0.9,479.7775936778635,37.165108104236424
vr,1234,27,0.25,0.75,201.46653817920014,36.51356986304745
vr,1234,28,0.7,0.3,201.54406247194856,35.70624004304409
vr,1234,29,0.5,0.5,241.22136062802747,35.111861614044756
vr,1234,30,0.05,0.95,162.12497331993654,34.53986346721649
vr,1234,31,0.1,0.9,281.20075844880193,33.998610948212445
vr,1234,32,0.1,0.9,359.826365896035,33.205754672177136
lc,9031,0,0.15,0.85,240.7472889511846,55.31644312245771
lc,9031,1,0.2,0.8,475.94242044584826,54.24120574211702
lc,9031,2,0.25,0.75,239.41436420101672,54.17019898630679
lc,9031,3,0.4,0.6,478.0001528770663,53.08260210696608
lc,9031,4,0.1,0.9,161.86182834301144,52.71634004171938
lc,9031,5,0.7,0.3,202.00081552984193,51.58146012015641
lc,9031,6,0.45,0.55,360.32775198388845,51.23831588681787
lc,9031,7,0.15,0.85,241.2188620613888,53.5686398120597
lc,9031,8,0.65,0.35,241.51726559689268,51.39225671067834
lc,9031,9,0.6,0.4,321.21090388996527,48.860889132134616
lc,9031,10,0.45,0.55,241.77683725673705,48.076121903955936
lc,9031,11,0.5,0.5,439.6146966870874,47.62931740982458
lc,9031,12,0.3,0.7,479.2731370422989,46.83122821897268
lc,9031,13,0.65,0.35,241.71822696132585,46.2101307134144
lc,9031,14,0.25,0.75,321.0998148340732,45.45180799718946
lc,9031,15,0.15,0.85,400.1982571380213,45.21303301397711
lc,9031,16,0.3,0.7,320.74588972423226,44.281630259007215
lc,9031,17,0.3,0.7,559.8243545196019,43.73173481784761
meanstd,4321,0,0.2,0.8,479.2505740872584,55.53910324815661
meanstd,4321,1,0.25,0.75,241.14712886698544,53.67124189296737
meanstd,4321,2,0.2,0.8,241.39494386920705,53.53308846289292
meanstd,4321,3,0.05,0.95,280.91747365519404,52.7668109559454
meanstd,4321,4,0.45,0.55,281.16610623011366,51.62465363414958
meanstd,4321,5,0.7,0.3,282.25685352506116,50.91820193501189
meanstd,4321,6,0.45,0.55,202.5673759430647,50.429970618803054
meanstd,4321,7,0.5,0.5,282.12632916122675,49.64077468262985
meanstd,4321,8,0.85,0.15,361.5824057292193,48.90386719815433
meanstd,4321,9,0.65,0.35,321.5617105131969,48.42726623779163
meanstd,4321,10,0.25,0.75,201.6563281947747,48.018305842299014
meanstd,4321,11,0.75,0.25,241.82201200071722,47.25345465121791
meanstd,4321,12,0.05,0.95,241.59022572496906,46.41832492034882
meanstd,4321,13,0.05,0.95,401.68272810801864,45.75241911737248
meanstd,4321,14,0.7,0.3,202.46941463602707,45.24686452699825
meanstd,4321,15,0.35,0.65,202.36058617662638,44.34187967097387
meanstd,4321,16,0.6,0.4,202.29505646973848,43.77682625502348
meanstd,4321,17,0.55,0.45,361.26903490908444,43.2559696608223
meanstd,4321,18,0.25,0.75,321.20221067313105,42.2379832896404
random,1234,0,0.15,0.85,359.73505006497726,0.0005969060584902763
random,1234,1,0.2,0.8,322.47064697369933,0.0005025370046496391
random,1234,2,0.15,0.85,242.38163791969419,0.000558449886739254
random,1234,3,0.25,0.75,243.20921278372407,0.0005741789937019348
random,1234,4,0.15,0.85,402.9246491929516,0.0006196820177137852
random,1234,5,0.1,0.9,363.36100291693583,0.0005816728807985783
random,1234,6,0.1,0.9,163.214099295903,0.0005969451740384102
random,1234,7,0.1,0.9,243.32275112625211,0.0005978750996291637
random,1234,8,0.05,0.95,243.54502294911072,0.0005708131939172745
random,1234,9,0.05,0.95,324.1046463660896,0.0006618378683924675
random,1234,10,0.2,0.8,242.7776127946563,0.0005492088384926319
random,1234,11,0.1,0.9,163.39294035593048,0.0005723456852138042
random,1234,12,0.15,0.85,243.14002941409126,0.0005540759302675724
random,1234,13,0.05,0.95,163.59749003499746,0.000552596990019083
random,1234,14,0.1,0.9,283.68267840426415,0.0005600182339549065
random,1234,15,0.1,0.9,483.2748592640273,0.0005189268849790096
random,1234,16,0.15,0.85,244.02165092295036,0.0005415137857198715
random,1234,17,0,1.0,324.21163223916665,0.0005587800405919552
random,1234,18,0.2,0.8,203.88680482376367,0.0005495380610227585
random,1234,19,0.1,0.9,244.17441357672215,0.0006481925956904888
random,1234,20,0.1,0.9,565.0274953511544,0.0006211688742041588
random,1234,21,0.05,0.95,165.10078310966492,0.0005021719262003899
random,1234,22,0.1,0.9,205.22584185982123,0.0005540326237678528
random,1234,23,0.2,0.8,324.4056431031786,0.0005516619421541691
random,1234,24,0.05,0.95,404.48507663281634,0.0006341617554426193
random,1234,25,0.1,0.9,163.96400673501194,0.0005624042823910713
random,1234,26,0.1,0.9,164.02954025566578,0.0005693198181688786
random,1234,27,0.1,0.9,403.86642900807783,0.0005618641152977943
random,1234,28,0.1,0.9,323.9431322682649,0.0004797540605068207
random,1234,29,0.15,0.85,204.59507972793654,0.0005494710057973862
random,1234,30,0.1,0.9,284.1295902337879,0.0005518868565559387
random,1234,31,0.2,0.8,284.125530811958,0.0005559800192713737
random,1234,32,0.2,0.8,404.9507415839471,0.0005790041759610176
random,1234,33,0.15,0.85,204.5198732172139,0.0005640429444611073
random,1234,34,0.15,0.85,325.3430275702849,0.0005788910202682018
random,1234,35,0.2,0.8,444.16090224077925,0.0005592708475887775
random,1234,36,0.3,0.7,204.53505786787719,0.0004849112592637539
random,1234,37,0.15,0.85,284.52642619004473,0.00047843577340245247
random,1234,38,0.15,0.85,405.7040614201687,0.0005978019908070564
random,1234,39,0.1,0.9,722.9887446099892,0.0005334429442882538
random,1234,40,0.1,0.9,323.8506087353453,0.0005024862475693226
random,1234,41,0.1,0.9,444.2531002257019,0.0005529513582587242
random,1234,42,0.2,0.8,483.9929195041768,0.0006141010671854019
random,1234,43,0.2,0.8,203.69821544829756,0.0005114320665597916
random,4321,0,0.05,0.95,244.1695699961856,0.0005015507340431213
random,4321,1,0.05,0.95,242.95516310678795,0.0004976349882781506
random,4321,2,0.15,0.85,163.37491064704955,0.0005788928829133511
random,4321,3,0.15,0.85,481.7805598452687,0.0005712606944143772
random,4321,4,0.2,0.8,163.9322881908156,0.0005570258945226669
random,4321,5,0.1,0.9,324.21132975257933,0.0005525080487132072
random,4321,6,0.1,0.9,324.62043317686766,0.000584825873374939
random,4321,7,0.1,0.9,244.8557007848285,0.0006029042415320873
random,4321,8,0.15,0.85,164.51994721079245,0.0005790600553154945
random,4321,9,0.15,0.85,164.45844691991806,0.0005503878928720951
random,4321,10,0.05,0.95,324.9098533410579,0.0005363728851079941
random,4321,11,0.1,0.9,324.14288245374337,0.0005471780896186829
random,4321,12,0.2,0.8,204.4586222069338,0.0005025928840041161
random,4321,13,0.15,0.85,364.70525919506326,0.0005090259946882725
random,4321,14,0.2,0.8,284.7364422013052,0.0005536293610930443
random,4321,15,0.15,0.85,164.6188340568915,0.0005389000289142132
random,4321,16,0.15,0.85,245.5037213047035,0.0005546710453927517
random,4321,17,0,1.0,485.0244857221842,0.0005531688220798969
random,4321,18,0.1,0.9,285.0726492446847,0.0005525057204067707
random,4321,19,0.1,0.9,365.10047578811646,0.0005530370399355888
random,4321,20,0.1,0.9,204.83912849100307,0.0005896934308111668
random,4321,21,0.2,0.8,364.49667807109654,0.0005546207539737225
random,4321,22,0.1,0.9,164.0382716129534,0.0005574491806328297
random,4321,23,0.35,0.65,405.0211921078153,0.00048155803233385086
random,4321,24,0.1,0.9,405.6591296638362,0.0006288671866059303
random,4321,25,0.15,0.85,284.81424066470936,0.0005674730055034161
random,4321,26,0.15,0.85,244.8613596856594,0.00048484792932868004
random,4321,27,0.1,0.9,405.4689581738785,0.0005427161231637001
random,4321,28,0.2,0.8,284.7231878968887,0.0005608578212559223
random,4321,29,0.15,0.85,165.1421331698075,0.0006107520312070847
random,4321,30,0.15,0.85,365.95056904433295,0.000576237216591835
random,4321,31,0.15,0.85,244.96750013297424,0.000552008394151926
random,4321,32,0.15,0.85,325.0748607269488,0.0005371058359742165
random,4321,33,0.1,0.9,284.795777768828,0.0005427650175988674
random,4321,34,0.1,0.9,406.6673203059472,0.000527998898178339
random,4321,35,0.15,0.85,405.9395538251847,0.0005637453868985176
random,4321,36,0,1.0,204.86032418487594,0.0005832319147884846
random,4321,37,0.2,0.8,325.22424090793356,0.0005296277813613415
random,4321,38,0,1.0,164.69202432734892,0.0005596829578280449
random,4321,39,0.05,0.95,244.842174612917,0.0006440388970077038
random,4321,40,0.15,0.85,365.2653890810907,0.0005090758204460144
random,4321,41,0.25,0.75,164.5389213920571,0.0005235266871750355
random,4321,42,0.1,0.9,285.1090130559169,0.0005587567575275898
random,4321,43,0.1,0.9,445.33318300684914,0.0005703899078071117
random,4321,44,0.1,0.9,365.20119401533157,0.0005784281529486179
random,4321,45,0.1,0.9,285.0447068619542,0.0005577420815825462
random,4321,46,0.1,0.9,325.38227604003623,0.0006207269616425037
random,4321,47,0.3,0.7,245.75349594280124,0.0005642510950565338
random,4321,48,0.05,0.95,164.6593620548956,0.0005707619711756706
random,4321,49,0.15,0.85,245.2752373032272,0.0005627768114209175
entropy,8888,0,0.45,0.55,358.48342521861196,54.92823580605909
entropy,8888,1,0.25,0.75,200.67811264283955,54.36165348673239
entropy,8888,2,0.05,0.95,200.14561056066304,53.7907633241266
entropy,8888,3,0.35,0.65,397.2640751218423,53.13983123237267
entropy,8888,4,0.4,0.6,201.34377868799493,52.21254242537543
entropy,8888,5,0.35,0.65,359.5279042334296,51.58795955963433
entropy,8888,6,0.6,0.4,200.9074280951172,50.936096942052245
entropy,8888,7,0.05,0.95,399.359571039211,50.08697039913386
entropy,8888,8,0.3,0.7,398.8583502746187,49.668414192739874
entropy,8888,9,0.6,0.4,359.72192145790905,48.824359722901136
meanstd,1234,0,0.2,0.8,241.08864832576364,55.33050710475072
meanstd,1234,1,0.6,0.4,160.767771915067,54.83336412720382
meanstd,1234,2,0.3,0.7,397.4636979708448,54.35322074312717
meanstd,1234,3,0.1,0.9,200.7375562665984,53.649059215094894
meanstd,1234,4,0.8,0.2,280.4376186947338,53.02532549016178
meanstd,1234,5,0.4,0.6,478.2399739390239,52.35394873516634
meanstd,1234,6,0.45,0.55,240.83816697401926,51.65185994794592
meanstd,1234,7,0.15,0.85,161.58315655915067,50.73020313307643
meanstd,1234,8,0.2,0.8,438.41341087128967,50.134359007235616
meanstd,1234,9,0.35,0.65,161.82011733204126,49.43868745910004
meanstd,1234,10,0.7,0.3,320.79522162815556,48.7743805157952
meanstd,1234,11,0.2,0.8,241.30679143359885,47.86327712982893
meanstd,1234,12,0,1.0,280.56043945392594,47.473961770068854
meanstd,1234,13,0.5,0.5,161.1294642491266,46.95349214458838
meanstd,1234,14,0,1.0,321.2394511811435,46.1558434208855
meanstd,1234,15,0.65,0.35,241.36341473972425,45.45270825503394
meanstd,1234,16,0.2,0.8,358.81963489111513,44.72388580581173
entropy,254,0,0.3,0.7,240.28514308622107,55.71242838120088
entropy,254,1,0.3,0.7,239.82532053813338,55.111658819019794
entropy,254,2,0.2,0.8,279.87713320879266,53.991821139119565
entropy,254,3,0.25,0.75,279.99098045984283,53.72107225190848
entropy,254,4,0.3,0.7,240.75373505009338,52.73311286326498
entropy,254,5,0.5,0.5,399.0324416910298,51.91488344268873
entropy,254,6,0.25,0.75,477.8047329862602,51.30827700998634
entropy,254,7,0.5,0.5,359.6156842135824,50.52579338522628
entropy,254,8,0.15,0.85,280.99122970504686,49.72900402313098
entropy,254,9,0.25,0.75,360.29854930518195,49.022561041172594
entropy,254,10,0.25,0.75,478.38987333513796,48.30554743902758
entropy,254,11,0.25,0.75,596.9184277663007,47.65373033890501
vr,4321,0,0.35,0.65,162.97146350098774,54.901481058914214
vr,4321,1,0.25,0.75,320.2773102950305,54.06043679267168
vr,4321,2,0.35,0.65,361.2383553129621,53.172234191093594
vr,4321,3,0.6,0.4,282.11203014012426,52.41806871490553
vr,4321,4,0.55,0.45,162.40219329018146,51.807355993893
vr,4321,5,0.2,0.8,479.14844372170046,51.600537079852074
vr,4321,6,0.55,0.45,361.27100861398503,50.628527167253196
vr,4321,7,0.3,0.7,321.97276341030374,50.01134864334017
vr,4321,8,0.1,0.9,361.7558633610606,49.25761025119573
vr,4321,9,0.6,0.4,481.0486957989633,48.53369170986116
vr,4321,10,0.8,0.2,521.3288595150225,47.72463287785649
vr,4321,11,0.05,0.95,321.6347899651155,47.19620607979596
vr,4321,12,0.55,0.45,441.52202463522553,46.594084326177835
vr,4321,13,0.25,0.75,162.92755133798346,45.81645927904174
vr,4321,14,0.4,0.6,321.9978764220141,44.99970487412065
vr,4321,15,0.1,0.9,361.8213118268177,44.50453428598121
vr,4321,16,0.25,0.75,321.7927689412609,43.86603318480775
vr,4321,17,0.7,0.3,242.7463325089775,42.991910559125245
vr,4321,18,0.3,0.7,601.4114462267607,42.30912840599194
lc,58,0,0.25,0.75,162.03687042510137,55.3157745860517
lc,58,1,0.25,0.75,160.69974680105224,54.3721264610067
lc,58,2,0.05,0.95,201.23480423586443,53.95500768814236
lc,58,3,0.2,0.8,161.85191451199353,53.225902879144996
lc,58,4,0.45,0.55,281.27079252293333,52.69824054092169
lc,58,5,0.45,0.55,241.96960975183174,51.92891106707975
lc,58,6,0.45,0.55,241.94176662201062,51.063651592005044
lc,58,7,0.55,0.45,201.97722513088956,50.28555049188435
lc,58,8,0.8,0.2,201.67109900526702,49.60029272409156
lc,58,9,0.2,0.8,202.49466078076512,50.01450404571369
lc,58,10,0.4,0.6,202.11419948097318,48.339181881863624
lc,58,11,0.65,0.35,321.82446586573496,47.53158319275826
lc,58,12,0.15,0.85,400.42114652786404,46.8849661690183
entropy,58,0,0.35,0.65,283.0794322951697,56.86608861060813
entropy,58,1,0.5,0.5,241.30738576734439,55.11673622764647
entropy,58,2,0.5,0.5,281.1038184771314,53.96239856816828
entropy,58,3,0.3,0.7,240.90394010022283,53.52580898301676
entropy,58,4,0.65,0.35,280.7638965318911,52.65868324972689
entropy,58,5,0.35,0.65,320.3428061087616,51.92893302580342
entropy,58,6,0.75,0.25,400.66199060017243,51.1467902767472
entropy,58,7,0.25,0.75,201.68610774725676,50.39755496708676
entropy,58,8,0.75,0.25,359.8924903389998,49.61059056594968
entropy,58,9,0.1,0.9,242.13470931816846,49.06626481516287
entropy,58,10,0.25,0.75,321.07919914787635,48.523960096761584
entropy,58,11,0.25,0.75,362.26435200916603,47.51654495019466
entropy,58,12,0.35,0.65,361.2746992157772,46.99271333683282
entropy,58,13,0.5,0.5,321.48017363389954,46.45682042092085
entropy,58,14,0.3,0.7,440.7560652042739,45.92452412284911
entropy,58,15,0.3,0.7,360.4933854318224,45.12052731914446
entropy,58,16,0.45,0.55,400.73536597006023,44.340245281811804
entropy,58,17,0.15,0.85,400.9777477257885,44.54119260702282
entropy,58,18,0.15,0.85,560.2999682538211,43.05593279981986
entropy,58,19,0.1,0.9,321.9730386957526,42.266274732071906
entropy,58,20,0.3,0.7,480.6992334178649,41.64373355032876
entropy,58,21,0.2,0.8,281.7145807342604,41.08564846916124
entropy,58,22,0.35,0.65,321.641196556855,40.40893039526418
entropy,58,23,0.2,0.8,361.0988120152615,39.46362951118499
entropy,58,24,0.05,0.95,281.5967919989489,38.90583868185058
entropy,58,25,0.2,0.8,320.98341634403914,38.253347432240844
entropy,58,26,0,1.0,360.97707947483286,37.51075575733557
entropy,58,27,0.2,0.8,322.2590963081457,36.81894409004599
entropy,58,28,0.15,0.85,281.79849164607003,36.13034095522016
entropy,58,29,0.05,0.95,361.28645612020046,35.45533005334437
entropy,58,30,0.05,0.95,321.9356096549891,34.683694726321846
entropy,58,31,0.7,0.3,560.2902739071287,33.83185749407858
entropy,58,32,0,1.0,242.45274078287184,33.257441472262144
entropy,58,33,0.05,0.95,360.69039965607226,32.50611229613423
entropy,58,34,0.05,0.95,361.1961206831038,31.95392625918612
vr,254,0,0.45,0.55,239.96695461217314,55.589675531722605
vr,254,1,0.15,0.85,318.03283423697576,55.15299764415249
vr,254,2,0.35,0.65,279.61537509411573,54.28013240220025
vr,254,3,0.15,0.85,240.0575885940343,53.41815089806914
vr,254,4,0.3,0.7,319.43543243734166,52.77570676198229
vr,254,5,0.25,0.75,201.28156260121614,52.268624025862664
vr,254,6,0,1.0,319.9997251909226,51.45223314408213
vr,254,7,0.15,0.85,279.9131843051873,50.97794295102358
vr,254,8,0.3,0.7,398.437759345863,50.487189318053424
vr,254,9,0.1,0.9,398.53380124503747,49.03228458855301
vr,254,10,0.15,0.85,439.35417289379984,48.323743847664446
vr,254,11,0.7,0.3,478.46396726882085,47.781404276844114
vr,254,12,0.45,0.55,479.5899859829806,49.02874754695222
vr,254,13,0.35,0.65,519.3822641060688,46.59188810130581
ms,8888,0,0.2,0.8,241.456768065691,55.249343417119235
ms,8888,1,0.5,0.5,319.160511277616,54.645422000903636
ms,8888,2,0.35,0.65,201.06303342664614,53.72501898417249
ms,8888,3,0.35,0.65,200.9032098921016,53.18037345772609
ms,8888,4,0.15,0.85,359.5324428300373,52.454743820708245
ms,8888,5,0.4,0.6,241.46698371274397,51.78427286213264
ms,8888,6,0.3,0.7,478.9098253180273,51.088515910785645
ms,8888,7,0,1.0,241.16898795496672,50.46953084412962
ms,8888,8,0.35,0.65,360.764806273859,49.53453708300367
ms,8888,9,0.4,0.6,161.95020800782368,48.89125667698681
ms,8888,10,0.2,0.8,519.6507887081243,48.255407913122326
ms,8888,11,0.05,0.95,440.48186380183324,47.63373846793547
ms,8888,12,0.35,0.65,518.0243482929654,46.90205910196528
ms,8888,13,0.2,0.8,478.3193083330989,46.23513105791062
ms,8888,14,0.45,0.55,360.7138055344112,46.47769731422886
ms,8888,15,0.45,0.55,280.6714256373234,45.12373484112322
ms,8888,16,0.1,0.9,439.6103176949546,44.333684283774346
ms,8888,17,0.25,0.75,598.0025556432083,43.503045262768865
ms,8888,18,0.1,0.9,637.7099705347791,42.919117556884885
ms,8888,19,0.15,0.85,440.97329328395426,42.41331583214924
ms,8888,20,0.6,0.4,241.73009546473622,41.52820208482444
ms,8888,21,0.65,0.35,718.5084330458194,40.93034687405452
ms,8888,22,0.05,0.95,201.9319566260092,40.13565737940371
ms,8888,23,0.05,0.95,162.00719662103802,39.54687791969627
ms,8888,24,0.2,0.8,598.575226070825,38.76356148906052
ms,254,0,0.5,0.5,161.8986934563145,55.92444789269939
ms,254,1,0.3,0.7,161.1267109210603,54.728614752180874
ms,254,2,0.35,0.65,240.5792457726784,54.0454886383377
ms,254,3,0.15,0.85,161.82827215408906,53.261026490014046
ms,254,4,0.2,0.8,438.4699586830102,52.628083209041506
ms,254,5,0.15,0.85,477.75064543588087,52.1747583928518
ms,254,6,0.35,0.65,319.6873592818156,51.47117911372334
ms,254,7,0.35,0.65,240.76936817122623,50.76217627292499
ms,254,8,0.2,0.8,280.5828060139902,72.09743979061022
ms,254,9,0.4,0.6,400.3843908086419,50.923282803967595
multibald,8888,0,0.15,0.85,240.73254818515852,75.41620569769293
multibald,8888,1,0.3,0.7,279.4885290917009,75.1138882287778
multibald,8888,2,0.35,0.65,555.7775131240487,73.49156884802505
multibald,8888,3,0.4,0.6,240.7593216211535,72.50836126413196
multibald,8888,4,0.65,0.35,319.8630261910148,71.3438856001012
multibald,8888,5,0.15,0.85,280.44077477697283,70.85597378993407
multibald,8888,6,0.1,0.9,320.62120729964226,69.6566621880047
multibald,8888,7,0.6,0.4,280.2023516697809,68.5216767070815
multibald,8888,8,0.3,0.7,360.051793676801,67.89163160370663
multibald,8888,9,0.4,0.6,280.7267442168668,67.12862089462578
multibald,8888,10,0.4,0.6,676.2578399460763,66.15160884475335
multibald,8888,11,0.15,0.85,360.6853370941244,65.12109984504059
multibald,8888,12,0.15,0.85,320.5005913558416,64.15435335412621
multibald,8888,13,0,1.0,280.5261303796433,63.602394914254546
multibald,8888,14,0.05,0.95,241.41058726003394,62.70216336008161
multibald,8888,15,0.15,0.85,439.0875135269016,61.83063359092921
multibald,8888,16,0.5,0.5,320.4909150642343,60.548850247170776
multibald,8888,17,0.05,0.95,240.7964067836292,60.06213946500793
multibald,8888,18,0.15,0.85,280.3706853422336,59.03177493903786
multibald,8888,19,0.05,0.95,400.3947033761069,58.21015911595896
multibald,8888,20,0.25,0.75,755.9426672090776,57.06628528283909
multibald,8888,21,0.1,0.9,280.91687736287713,56.18999416800216
multibald,8888,22,0.05,0.95,240.8655699910596,55.32863633707166
multibald,8888,23,0.2,0.8,162.24217839865014,54.17006522696465
multibald,8888,24,0.1,0.9,399.0765543882735,53.18642795691267
multibald,8888,25,0.25,0.75,608.2386648561805,53.68218398699537
multibald,8888,26,0.05,0.95,321.2252264986746,51.23374346410856
multibald,8888,27,0.1,0.9,479.62890919297934,50.39322723215446
multibald,8888,28,0,1.0,161.65699002565816,49.668757306877524
multibald,8888,29,0,1.0,360.87326833512634,49.65247859200463
multibald,8888,30,0.25,0.75,240.81877846410498,47.55466984119266
multibald,8888,31,0.15,0.85,518.1352653736249,47.09686118084937
multibald,254,0,0.15,0.85,320.8096596850082,76.33081366494298
multibald,254,1,0.3,0.7,397.2863653367385,75.37610769923776
multibald,254,2,0.35,0.65,398.87204432394356,74.22986599896103
multibald,254,3,0.45,0.55,201.18599477084354,73.24980747373775
multibald,254,4,0.1,0.9,280.1395168961026,72.22555021103472
multibald,254,5,0.35,0.65,161.45071494812146,71.50461822003126
multibald,254,6,0.7,0.3,161.52600717823952,70.30495579401031
multibald,254,7,0.3,0.7,319.80636710487306,69.60292680282146
multibald,254,8,0.45,0.55,201.89740341575816,68.54867841303349
multibald,254,9,0.65,0.35,359.38163335295394,67.24778163898736
multibald,254,10,0.55,0.45,240.97962163574994,66.54819675302133
multibald,254,11,0.1,0.9,318.64700076403096,65.53601199481636
multibald,254,12,0.2,0.8,280.0585759473033,66.67581770615652
multibald,254,13,0,1.0,320.53863043524325,64.84732563327998
multibald,254,14,0.25,0.75,161.98136887699366,63.75118619995192
multibald,254,15,0.5,0.5,201.56682382104918,62.041234641335905
ms,58,0,0.25,0.75,162.45865970710292,56.76773479906842
ms,58,1,0.45,0.55,201.29849807033315,54.89700972707942
ms,58,2,0.3,0.7,200.7979241060093,54.19890998210758
ms,58,3,0.65,0.35,319.99043036531657,53.3792326040566
ms,58,4,0.55,0.45,201.05371282668784,52.770740997977555
ms,58,5,0.3,0.7,399.3649809760973,52.017647568136454
ms,58,6,0.6,0.4,438.7649579020217,51.426722194068134
ms,58,7,0.15,0.85,558.0051668859087,50.82791350176558
ms,58,8,0.85,0.15,280.96212424570695,50.04072143184021
ms,58,9,0.6,0.4,399.0218277852982,49.5688424189575
ms,58,10,0.35,0.65,280.68535068491474,48.984338998328894
ms,58,11,0.5,0.5,320.169381079264,48.24784770980477
ms,58,12,0.4,0.6,478.0180869367905,47.75503705814481
ms,58,13,0.7,0.3,399.14675018098205,47.150557405781
ms,58,14,0.3,0.7,636.9683008342981,46.30551873659715
ms,58,15,0.5,0.5,281.70978790102527,45.924884194973856
ms,58,16,0.15,0.85,360.12275184784085,45.65138050401583
ms,58,17,0.05,0.95,320.46145871980116,44.35764359915629
ms,58,18,0.05,0.95,399.59058320708573,43.54245168808848
ms,58,19,0.35,0.65,478.9993739868514,42.74583753710613
random,58,0,0.1,0.9,400.4086958258413,0.0005552568472921848
random,58,1,0.1,0.9,321.1115388670005,0.0005970178171992302
random,58,2,0.15,0.85,320.8986741602421,0.0005028089508414268
random,58,3,0.3,0.7,321.92456838395447,0.0005607227794826031
random,58,4,0.1,0.9,401.3289514561184,0.0005512167699635029
random,58,5,0.05,0.95,362.12425323203206,0.0005651540122926235
random,58,6,0.05,0.95,202.93896286096424,0.0006033559329807758
random,58,7,0.15,0.85,282.58387942193076,0.000561524648219347
random,58,8,0.05,0.95,243.65483008604497,0.0004995856434106827
random,58,9,0,1.0,402.96180492220446,0.0006523928605020046
random,58,10,0.2,0.8,322.7184967440553,0.0005037719383835793
random,58,11,0.15,0.85,323.12917727883905,0.0005754968151450157
random,58,12,0.05,0.95,362.97783300466835,0.0005311188288033009
random,58,13,0.2,0.8,203.580497297924,0.0005299001932144165
random,58,14,0,1.0,203.95661400677636,0.0005482658743858337
random,58,15,0.1,0.9,203.54182875109836,0.0004937248304486275
random,58,16,0.05,0.95,283.5737141780555,0.0005916161462664604
random,58,17,0.25,0.75,362.7675429941155,0.0005794116295874119
random,58,18,0.2,0.8,403.45243101380765,0.0006147199310362339
random,58,19,0.3,0.7,204.13107143016532,0.0005715731531381607
random,58,20,0.15,0.85,163.75136819761246,0.0005710311233997345
random,58,21,0.15,0.85,283.27770234504715,0.0005817599594593048
random,58,22,0.1,0.9,204.2553342669271,0.0005542873404920101
random,58,23,0.1,0.9,283.41690069809556,0.000549165066331625
random,58,24,0.05,0.95,243.54771805694327,0.0005036471411585808
random,58,25,0,1.0,283.2928359480575,0.0006016152910888195
random,58,26,0.05,0.95,163.56216992810369,0.0005114329978823662
random,58,27,0.2,0.8,163.6241914681159,0.0005046171136200428
random,58,28,0.2,0.8,284.26936654234305,0.0005778628401458263
random,58,29,0.05,0.95,523.7378975059837,0.0005220449529588223
random,58,30,0.1,0.9,483.1506160418503,0.0005570212379097939
random,58,31,0.1,0.9,562.0927594210953,0.000571155920624733
random,58,32,0.05,0.95,203.89888786477968,0.0005996981635689735
random,58,33,0.15,0.85,243.74305974505842,0.0005163620226085186
random,58,34,0.1,0.9,203.7821518909186,0.0005840668454766273
random,58,35,0.25,0.75,203.57984897959977,0.0005671530961990356
random,58,36,0.2,0.8,563.3060320406221,0.0005539399571716785
random,58,37,0.15,0.85,204.07270740997046,0.0006078421138226986
random,58,38,0.05,0.95,323.42424648301676,0.0005426369607448578
random,58,39,0.3,0.7,482.33021143777296,0.0006045931950211525
random,58,40,0.25,0.75,163.2304983427748,0.0005829650908708572
random,58,41,0.2,0.8,442.7589139728807,0.0005899420939385891
random,58,42,0.2,0.8,323.69803757965565,0.0005065007135272026
random,58,43,0.1,0.9,163.41240668203682,0.0005606329068541527
random,58,44,0.05,0.95,363.1608238252811,0.0006135064177215099
random,58,45,0.05,0.95,163.8971745148301,0.0005605989135801792
random,58,46,0.05,0.95,363.90624979231507,0.0007417579181492329
random,58,47,0.25,0.75,603.0971026648767,0.0005776891484856606
random,58,48,0.35,0.65,324.14399219630286,0.0005458430387079716
random,58,49,0.05,0.95,364.8398289787583,0.0005250172689557076
lc,4321,0,0.85,0.15,281.7922582188621,54.69436761690304
lc,4321,1,0.55,0.45,161.20710892090574,53.99394689081237
lc,4321,2,0.5,0.5,241.68019200861454,53.60296772001311
lc,4321,3,0.3,0.7,241.37120456434786,52.858530500903726
lc,4321,4,0.3,0.7,162.13700024876744,52.669281972106546
lc,4321,5,0.5,0.5,202.12267142906785,51.60296508483589
lc,4321,6,0.15,0.85,242.05678523797542,51.13224971992895
lc,4321,7,0.25,0.75,282.00029956316575,50.26442472077906
lc,4321,8,0.35,0.65,202.33913636300713,49.423279552254826
lc,4321,9,0.1,0.9,281.93659809604287,48.608514552004635
lc,4321,10,0.35,0.65,561.9989294758998,48.92425423813984
lc,4321,11,0.7,0.3,440.9421771541238,47.26774908602238
lc,4321,12,0.35,0.65,480.4998913742602,46.58726254478097
lc,4321,13,0.3,0.7,242.27830504300073,45.96005095215514
lc,4321,14,0.5,0.5,322.1308763739653,45.23295586183667
lc,4321,15,0.4,0.6,241.57263508439064,44.792867310810834
lc,4321,16,0.9,0.1,242.21423750696704,43.98214494297281
lc,4321,17,0.7,0.3,321.5887243379839,43.15251680696383
lc,4321,18,0.1,0.9,281.87230369308963,42.78328456124291
lc,4321,19,0,1.0,321.60260358732194,42.26577118970454
lc,4321,20,0.55,0.45,361.91834903601557,41.479140563867986
lc,4321,21,0.3,0.7,441.3956920769997,40.65926885185763
meanstd,9031,0,0.15,0.85,359.53506535990164,55.28502794075757
meanstd,9031,1,0.1,0.9,279.7679617679678,54.481942559126765
meanstd,9031,2,0.65,0.35,200.8383059189655,53.897016991861165
meanstd,9031,3,0.55,0.45,319.0905461409129,53.7079989220947
meanstd,9031,4,0.6,0.4,201.36982048815116,52.50744539266452
meanstd,9031,5,0.5,0.5,201.29303093021736,51.8500632988289
meanstd,9031,6,0.35,0.65,279.9165889057331,51.407583391759545
meanstd,9031,7,0.25,0.75,281.1444660532288,50.605351717211306
meanstd,9031,8,0.55,0.45,280.562379560899,49.902126939967275
meanstd,9031,9,0,1.0,242.04314490500838,49.28224260592833
meanstd,9031,10,0.5,0.5,280.957394503057,48.744865274988115
meanstd,9031,11,0.3,0.7,320.9280372490175,48.2363569107838
meanstd,9031,12,0.4,0.6,400.6316844308749,47.48672523489222
meanstd,9031,13,0.65,0.35,399.8902697050944,46.717551668174565
multibald,4321,0,0.15,0.85,204.61366558633745,75.52213543932885
multibald,4321,1,0.45,0.55,319.66599284112453,73.83856420591474
multibald,4321,2,0.35,0.65,359.52245839498937,73.30701260501519
multibald,4321,3,0.55,0.45,439.1287347059697,71.89722915040329
multibald,4321,4,0.45,0.55,202.2098182151094,70.90603988105431
multibald,4321,5,0.3,0.7,320.6485317880288,70.1957900240086
multibald,4321,6,0.25,0.75,361.0142216971144,69.22495253011584
multibald,4321,7,0.75,0.25,202.34307175595313,68.35672350227833
multibald,4321,8,0.45,0.55,281.79648272600025,67.3666224880144
multibald,4321,9,0.2,0.8,321.6068475130014,66.83163039712235
multibald,4321,10,0.4,0.6,401.16942617623135,65.93747079791501
multibald,4321,11,0.7,0.3,162.52436627587304,64.84213764080778
multibald,4321,12,0.3,0.7,321.1546752830036,64.06497551314533
multibald,4321,13,0.65,0.35,242.41800075396895,62.95115586509928
multibald,4321,14,0.9,0.1,401.3673937721178,62.12039072578773
multibald,4321,15,0,1.0,282.36468485789374,61.192618840839714
multibald,4321,16,0.15,0.85,242.37184488587081,60.15017743175849
multibald,4321,17,0.05,0.95,242.63556858571246,59.57931971503422
multibald,4321,18,0.3,0.7,441.67741075670347,58.62382307415828
vr,58,0,0.2,0.8,280.80161732714623,56.57126926956698
vr,58,1,0.2,0.8,319.1462014047429,54.748200888279825
vr,58,2,0.7,0.3,358.010704388842,54.083765123039484
vr,58,3,0.5,0.5,240.02108709095046,53.38294019596651
vr,58,4,0.55,0.45,437.3271545371972,52.615725498180836
vr,58,5,0.45,0.55,240.6136546120979,51.93563138926402
vr,58,6,0.35,0.65,161.5958127831109,51.33705550804734
vr,58,7,0.65,0.35,200.8714361563325,50.33622986311093
vr,58,8,0.4,0.6,201.1173485191539,50.22511339792982
vr,58,9,0.4,0.6,399.01997322030365,49.64736103499308
vr,58,10,0.25,0.75,359.2401283001527,48.56059998879209
vr,58,11,0.3,0.7,279.5890728989616,47.912298182956874
vr,58,12,0.25,0.75,240.89733030693606,47.399620204698294
vr,58,13,0.05,0.95,200.7002724451013,46.64433532906696
vr,58,14,0.1,0.9,360.2651982321404,45.95359881874174
vr,58,15,0.2,0.8,241.04630953492597,45.364042409230024
vr,58,16,0.55,0.45,438.33076451625675,44.63690938707441
vr,58,17,0.15,0.85,280.4408084983006,43.592018537689
vr,58,18,0.35,0.65,201.2246694979258,42.89922440005466
vr,58,19,0.1,0.9,202.0227462076582,42.14310243912041
vr,58,20,0.6,0.4,359.67241408722475,41.379983043298125
vr,58,21,0.55,0.45,361.120619088877,40.8489360739477
vr,58,22,0.45,0.55,438.68475077021867,40.13532409723848
ms,4321,0,0.35,0.65,203.0449834158644,55.087174172047526
ms,4321,1,0.35,0.65,361.14660108136013,53.84463625168428
ms,4321,2,0.3,0.7,322.34551599109545,53.53285378497094
ms,4321,3,0.45,0.55,401.0862299753353,52.76085662469268
ms,4321,4,0.3,0.7,203.29761320212856,51.86557471007109
ms,4321,5,1.0,0,282.33545579528436,51.674686181824654
ms,4321,6,0.3,0.7,362.08995173173025,50.70962618291378
ms,4321,7,0.1,0.9,203.2956140069291,50.621054724324495
ms,4321,8,0.7,0.3,283.40553910285234,49.19042640924454
ms,4321,9,0.35,0.65,322.9174546212889,48.6428018049337
ms,4321,10,0.2,0.8,322.5965242739767,48.0137378256768
ms,4321,11,0.55,0.45,362.54602899588645,47.40971674583852
ms,4321,12,0.45,0.55,242.59251487022266,46.58864600304514
ms,4321,13,0.4,0.6,322.76916134590283,45.94056466408074
ms,4321,14,0.5,0.5,443.3659285781905,45.32189999194816
lc,8888,0,0.45,0.55,201.77958986209705,55.273250735830516
lc,8888,1,0.15,0.85,279.6877348339185,54.33238210529089
lc,8888,2,0.3,0.7,161.19654379598796,53.811968313064426
lc,8888,3,0.25,0.75,320.60912428982556,53.31212378619239
lc,8888,4,0.45,0.55,162.15658221580088,52.62534762965515
lc,8888,5,0.1,0.9,201.68026175070554,51.77751010702923
lc,8888,6,0.2,0.8,241.15349182812497,51.065939880907536
lc,8888,7,0.85,0.15,281.1281367838383,50.43985654786229
lc,8888,8,0.1,0.9,280.9978176113218,49.59949791012332
lc,8888,9,0.55,0.45,241.52003435976803,49.040455997921526
lc,8888,10,0.05,0.95,320.4755278159864,48.135779390111566
lc,8888,11,0.7,0.3,360.40816870192066,47.33791234297678
lc,8888,12,0.45,0.55,439.9640015591867,46.7982919421047
lc,8888,13,0.6,0.4,201.97603056533262,46.16851439187303
lc,8888,14,0.5,0.5,400.69718009373173,45.70371598703787
lc,8888,15,0.2,0.8,321.5735057583079,44.99811494117603
lc,8888,16,0.05,0.95,360.106251582969,44.088227848988026
lc,8888,17,0.5,0.5,399.9764153631404,43.606195378582925
lc,8888,18,0.2,0.8,320.84535014629364,43.065607293043286
lc,8888,19,0.1,0.9,201.9825964071788,42.187380297109485
lc,8888,20,0.5,0.5,399.66820767801255,41.507359829731286
lc,8888,21,0.25,0.75,518.8909843438305,40.872681896202266
lc,8888,22,0.95,0.05,285.99051249818876,99.60144417872652
lc,8888,23,0.1,0.9,485.5111152846366,57.342143637128174
lc,8888,24,0,1.0,162.54183154413477,39.68543825298548
lc,8888,25,0.1,0.9,439.7761050327681,38.21003105910495
lc,8888,26,0.1,0.9,399.81882228702307,37.54808506462723
vr,8888,0,0.2,0.8,240.9872734239325,55.12374006072059
vr,8888,1,0.25,0.75,320.8136841878295,54.14679687982425
vr,8888,2,0.65,0.35,556.424498883076,53.72873981716111
vr,8888,3,0.5,0.5,161.60661242203787,52.9256577049382
vr,8888,4,0.25,0.75,201.64614167204127,52.21440218668431
vr,8888,5,0.4,0.6,399.90135116223246,51.62592206662521
vr,8888,6,0.2,0.8,320.74797974713147,51.17157932603732
vr,8888,7,0.4,0.6,445.8058688431047,51.45742873288691
vr,8888,8,0.6,0.4,322.3862708359957,50.81230527209118
vr,8888,9,0.35,0.65,242.42911080503836,49.17977477423847
vr,8888,10,0.15,0.85,559.624979857821,48.543447374831885
vr,8888,11,0.6,0.4,521.0699110860005,50.78006498422474
vr,8888,12,0.25,0.75,203.06553183868527,48.477360770106316
vr,8888,13,0.05,0.95,361.3016689219512,46.40825063502416
vr,8888,14,0.7,0.3,520.1554407561198,45.68367902375758
vr,8888,15,0.7,0.3,322.18410273082554,44.71901190187782
vr,8888,16,0.2,0.8,440.0753006739542,44.33182989200577
vr,8888,17,0.3,0.7,400.6565525587648,43.54895749129355
vr,8888,18,0.45,0.55,519.8801693269052,43.05539240408689
entropy,4321,0,0.75,0.25,241.82905639195815,54.64403315773234
entropy,4321,1,0.7,0.3,161.66275648400187,53.7576943426393
entropy,4321,2,0.5,0.5,320.3125662021339,53.55522642983124
entropy,4321,3,0.2,0.8,280.3875064132735,53.102931710891426
entropy,4321,4,0.4,0.6,201.87176979193464,51.81149214413017
entropy,4321,5,0.25,0.75,202.11070284992456,51.24531739205122
entropy,4321,6,0.65,0.35,201.7043088679202,50.63626586087048
entropy,4321,7,0.65,0.35,241.57588552124798,49.901112312916666
entropy,4321,8,0.7,0.3,241.65555031737313,49.23120919987559
entropy,4321,9,0.7,0.3,360.9587836060673,48.40863139182329
entropy,4321,10,0.3,0.7,440.621004560031,47.855542046017945
random,8888,0,0.2,0.8,161.0291337892413,0.0005677789449691772
random,8888,1,0.1,0.9,240.81560275517404,0.0005571586079895496
random,8888,2,0.1,0.9,320.6015955279581,0.0005859942175447941
random,8888,3,0.1,0.9,241.40736931189895,0.0005867560394108295
random,8888,4,0.25,0.75,162.34605068992823,0.0005751238204538822
random,8888,5,0.25,0.75,282.07577428780496,0.0005848649889230728
random,8888,6,0.15,0.85,401.4175443770364,0.0005866200663149357
random,8888,7,0.15,0.85,242.11266146600246,0.0005878577940165997
random,8888,8,0.05,0.95,401.1067886259407,0.0005885940045118332
random,8888,9,0.15,0.85,162.87389533082023,0.000576831866055727
random,8888,10,0.15,0.85,163.29002608684823,0.0005762758664786816
random,8888,11,0.05,0.95,361.9763603839092,0.0005660951137542725
random,8888,12,0.15,0.85,203.33537424402311,0.0005091209895908833
random,8888,13,0.1,0.9,602.3485811948776,0.000512703787535429
random,254,0,0.1,0.9,319.3078211527318,0.0005759610794484615
random,254,1,0.1,0.9,478.23913369793445,0.0005638860166072845
random,254,2,0.15,0.85,438.88829952385277,0.0005699400790035725
random,254,3,0.15,0.85,281.0453854082152,0.0005640918388962746
random,254,4,0.15,0.85,241.86805973900482,0.0005994136445224285
random,254,5,0.2,0.8,202.20605282997712,0.0005613462999463081
random,254,6,0.1,0.9,242.0312929819338,0.0005639800801873207
random,254,7,0.15,0.85,321.4327454790473,0.0005873851478099823
random,254,8,0.15,0.85,321.7854991070926,0.0005862298421561718
random,254,9,0.25,0.75,242.62205973500386,0.0006242422387003899
random,254,10,0.05,0.95,242.55186494626105,0.0004938608035445213
random,254,11,0.15,0.85,242.48119437508285,0.0005788449198007584
random,254,12,0.1,0.9,321.43802426801994,0.0005787988193333149
random,254,13,0.1,0.9,242.7276242179796,0.0005676881410181522
random,254,14,0.1,0.9,361.8626280389726,0.0005713626742362976
random,254,15,0.05,0.95,202.687199795153,0.0005636177957057953
random,254,16,0.15,0.85,243.25200436497107,0.000559207983314991
random,254,17,0.1,0.9,162.9200213337317,0.0005727889947593212
random,254,18,0.2,0.8,402.1233620457351,0.0005598836578428745
random,254,19,0.15,0.85,282.2401753840968,0.0006293561309576035
random,254,20,0.05,0.95,322.4443606133573,0.00051832664757967
random,254,21,0.1,0.9,162.9869509669952,0.0005639586597681046
random,254,22,0.15,0.85,322.4004399641417,0.0005916962400078773
random,254,23,0.15,0.85,322.4930177270435,0.0006583300419151783
random,254,24,0.05,0.95,361.79407689301297,0.000527744647115469
random,254,25,0.1,0.9,322.6967745828442,0.0005845250561833382
entropy,1234,0,0.6,0.4,241.39275386789814,54.928432557266206
entropy,1234,1,0.55,0.45,279.68310352182016,54.49492490896955
entropy,1234,2,0.45,0.55,280.2935203900561,53.70225264830515
entropy,1234,3,0.45,0.55,241.11428026342764,53.255824715830386
entropy,1234,4,0.4,0.6,281.1279486929998,52.43369728513062
entropy,1234,5,0.25,0.75,360.6168362731114,51.9591671442613
entropy,1234,6,0.3,0.7,241.0006182398647,51.03795114625245
entropy,1234,7,0.45,0.55,399.2174800829962,50.30082833720371
entropy,1234,8,0.5,0.5,438.59329177159816,49.91208140319213
entropy,1234,9,0.45,0.55,241.280170309823,49.077248552814126
entropy,1234,10,0.5,0.5,439.9538078936748,48.55695261107758
ms,9031,0,0.05,0.95,201.82271505193785,55.458544205874205
ms,9031,1,0.9,0.1,161.15914428792894,54.61463651666418
ms,9031,2,0.45,0.55,358.6775505589321,53.851621536072344
ms,9031,3,0.15,0.85,161.69531781272963,53.641041569877416
ms,9031,4,0.3,0.7,161.96349791670218,52.628530570771545
ms,9031,5,0.25,0.75,241.8598335282877,51.745790663175285
ms,9031,6,0.2,0.8,320.9285074309446,50.938532636035234
ms,9031,7,0.2,0.8,320.4794542277232,50.27934139315039
ms,9031,8,0.4,0.6,282.22064682422206,50.062585917301476
ms,9031,9,0.3,0.7,281.74942508898675,49.28841746086255
ms,9031,10,0.3,0.7,282.17702362220734,48.35722748376429
ms,9031,11,0.65,0.35,480.2830758658238,47.95234546717256
ms,9031,12,0.25,0.75,401.2016401379369,46.97860210901126
ms,9031,13,0,1.0,162.40228305384517,46.34786071907729
ms,9031,14,0.55,0.45,440.8487238800153,45.85092383995652
ms,9031,15,0.75,0.25,321.41183942882344,45.00057240575552
ms,9031,16,0.5,0.5,281.6200512740761,44.74972901586443
ms,9031,17,0.05,0.95,202.69855845998973,43.6527837109752
ms,9031,18,0.15,0.85,242.91962127527222,42.960355347022414
ms,9031,19,0.15,0.85,322.69574788119644,43.2286722920835
ms,9031,20,0.35,0.65,282.49078600201756,42.22239809902385
ms,9031,21,0.8,0.2,439.7984283179976,41.201680071651936
ms,9031,22,0.1,0.9,162.4169343067333,40.48608952993527
ms,9031,23,0.8,0.2,321.8533125887625,39.81751961167902
ms,9031,24,0.05,0.95,242.13330310536548,39.21647362224758
ms,9031,25,0.2,0.8,440.72033592965454,38.38267895206809
multibald,9031,0,0.55,0.45,359.2370961601846,75.19681352190673
multibald,9031,1,0.25,0.75,160.91857868619263,74.82085090735927
multibald,9031,2,0.25,0.75,161.0833036149852,73.62146478984505
multibald,9031,3,0.3,0.7,358.38885845197365,72.79482773505151
multibald,9031,4,0.3,0.7,439.0665075746365,71.57419181615114
multibald,9031,5,0,1.0,280.9493849603459,70.68362716306001
multibald,9031,6,0.35,0.65,201.35772910807282,69.99097750568762
multibald,9031,7,0.35,0.65,479.67850629007444,68.74959113588557
multibald,9031,8,0.5,0.5,281.2459807312116,67.92433778988197
multibald,9031,9,0.25,0.75,280.8841615016572,67.16112612979487
multibald,9031,10,0.15,0.85,281.76112775923684,66.02500010887161
multibald,9031,11,0.35,0.65,321.5415497077629,65.25716866366565
multibald,9031,12,0.15,0.85,242.32066848035902,64.06721680890769
multibald,9031,13,0.05,0.95,400.865238645114,63.50139370979741
meanstd,254,0,0.1,0.9,161.76907589519396,55.65165412472561
meanstd,254,1,0.4,0.6,239.0577360210009,54.89727856172249
meanstd,254,2,0.5,0.5,437.6186484177597,54.657508709002286
meanstd,254,3,0.2,0.8,320.6641093818471,54.7359825046733
meanstd,254,4,0.1,0.9,241.4057407383807,53.84894348401576
meanstd,254,5,0.15,0.85,201.19394615432248,51.9653206160292
meanstd,254,6,0.3,0.7,478.18553569400683,51.42170932330191
meanstd,254,7,0.65,0.35,240.78641361696646,50.58942878060043
meanstd,254,8,0.25,0.75,359.6033835997805,49.90549805667251
meanstd,254,9,0.4,0.6,161.5950059951283,49.566741762682796
meanstd,254,10,0.7,0.3,360.57050619088113,48.49622029112652
meanstd,254,11,0.15,0.85,360.0227310671471,47.8573804339394
meanstd,254,12,0.4,0.6,201.62492996267974,47.22362196492031
meanstd,8888,0,0,1.0,161.93438390782103,55.45973418885842
meanstd,8888,1,0.45,0.55,161.28252346999943,54.388902520760894
meanstd,8888,2,0.65,0.35,200.13923820806667,53.55726594105363
meanstd,8888,3,0.8,0.2,279.2211147788912,53.69244332285598
meanstd,8888,4,0.75,0.25,240.0638320860453,52.12155683012679
meanstd,8888,5,0.45,0.55,517.790621443186,51.57483156584203
meanstd,8888,6,0.65,0.35,399.3101525870152,50.97796789323911
meanstd,8888,7,0.3,0.7,399.5975804068148,50.42403833381832
meanstd,8888,8,0.1,0.9,359.4128953050822,49.869273419026285
meanstd,8888,9,0.2,0.8,161.81420753523707,48.817565453238785
meanstd,8888,10,0.05,0.95,321.18897361308336,48.244835427962244
meanstd,8888,11,0.25,0.75,280.8463394297287,47.38144993968308
meanstd,8888,12,0.15,0.85,241.56463702814654,46.79531441023573
meanstd,8888,13,0.1,0.9,241.63622262096033,46.2018136261031
meanstd,8888,14,0.2,0.8,439.47228054888546,45.59576363209635
meanstd,8888,15,0.15,0.85,479.77702858904377,44.92950286110863
meanstd,8888,16,0.45,0.55,479.643057346344,44.10259364871308
meanstd,58,0,0.1,0.9,161.99357581697404,55.3985100639984
meanstd,58,1,0.05,0.95,161.59581848885864,54.691819188185036
meanstd,58,2,0.65,0.35,161.27369321743026,53.926011266652495
meanstd,58,3,0.3,0.7,161.77998219011351,53.420680955052376
meanstd,58,4,0.55,0.45,321.1005494813435,52.63639630097896
meanstd,58,5,0.15,0.85,241.53945164196193,51.869686141144484
meanstd,58,6,0.4,0.6,241.95653380686417,51.26307386113331
meanstd,58,7,0.4,0.6,162.6501703611575,50.38634203094989
meanstd,58,8,0.35,0.65,400.0913782711141,49.75512381084263
meanstd,58,9,0.25,0.75,281.80868949275464,49.13764808932319
meanstd,58,10,0.35,0.65,201.7766097150743,48.2070555286482
meanstd,58,11,0.1,0.9,241.82508152676746,47.7109587918967
meanstd,58,12,0.3,0.7,162.11018391279504,46.95304477913305
meanstd,58,13,0.55,0.45,479.8857444250025,46.47519746841863
meanstd,58,14,0.45,0.55,361.27246942324564,45.62125759245828
meanstd,58,15,0.25,0.75,521.0999935870059,45.05839349888265
meanstd,58,16,0,1.0,360.4497298318893,44.11213687527925
meanstd,58,17,0.45,0.55,162.09890407137573,43.58843018300831
meanstd,58,18,0.4,0.6,360.4581493837759,42.829931198153645
meanstd,58,19,0.05,0.95,360.5594039601274,42.02275947807357
entropy,9031,0,0.6,0.4,359.13081960985437,55.226990597788244
entropy,9031,1,0.3,0.7,358.164607134182,54.31052283756435
entropy,9031,2,0.3,0.7,398.96291614789516,53.71046549919993
entropy,9031,3,0.45,0.55,360.6999307619408,53.190348762087524
entropy,9031,4,0.25,0.75,281.5052677206695,52.19788218429312
entropy,9031,5,0.55,0.45,517.7644525980577,51.7263809540309
entropy,9031,6,0.35,0.65,320.86919058673084,50.93979151081294
entropy,9031,7,0.1,0.9,520.3526563402265,50.15116358315572
entropy,9031,8,0.6,0.4,202.0009953728877,49.62196237873286
entropy,9031,9,0.35,0.65,440.3763549500145,49.23475955473259
multibald,58,0,0.1,0.9,201.982139097061,76.34295881120488
multibald,58,1,0.75,0.25,201.2803646400571,75.03033353202045
multibald,58,2,0.1,0.9,161.0532366540283,74.27996318275109
multibald,58,3,0.5,0.5,280.61003021197394,72.86671825265512
multibald,58,4,0.4,0.6,240.39097722573206,71.57298731338233
multibald,58,5,0.15,0.85,201.1788261597976,71.25938302092254
multibald,58,6,0.05,0.95,360.00972939422354,69.9702516249381
multibald,58,7,0.2,0.8,280.6297460529022,69.36953609157354
multibald,58,8,0.5,0.5,241.40084644779563,68.04234121693298
multibald,58,9,0.4,0.6,638.0574625250883,68.17274108575657
multibald,58,10,0.25,0.75,319.89259450975806,66.69769252697006
multibald,58,11,0.75,0.25,241.20003885682672,65.6136638210155
multibald,58,12,0.3,0.7,359.9493143921718,64.47076213918626
multibald,58,13,0.9,0.1,360.6701069078408,63.3582870378159
multibald,58,14,0.7,0.3,241.31953442376107,62.78327570622787
multibald,58,15,0.55,0.45,242.05484284693375,62.214811807964
multibald,58,16,0.15,0.85,242.08737498894334,60.95574836013839
multibald,58,17,0.2,0.8,281.6375774811022,60.158026587218046
multibald,58,18,0.45,0.55,400.86349585000426,59.064456483349204
multibald,58,19,0.15,0.85,519.476503661368,58.41997565981001
multibald,58,20,0.2,0.8,320.694494899828,56.98076034709811
multibald,58,21,0,1.0,360.6241528620012,56.33603778388351
multibald,58,22,0.1,0.9,280.71705369325355,55.36702551180497
multibald,58,23,0.15,0.85,161.91919858194888,54.66303192637861
multibald,58,24,0.05,0.95,360.38692224305123,53.824192609172314
multibald,58,25,0.3,0.7,479.3165101110935,53.01437959494069
ms,1234,0,0.35,0.65,162.5501096341759,55.374632712453604
ms,1234,1,0.4,0.6,240.47551028989255,54.47433095006272
ms,1234,2,0.4,0.6,360.2422777628526,53.65939990291372
ms,1234,3,0.3,0.7,240.7012072559446,53.28520656004548
ms,1234,4,0.4,0.6,241.5472748959437,52.68639109283686
ms,1234,5,0.4,0.6,161.94817208405584,51.90735191479325
ms,1234,6,0.25,0.75,442.50497990334406,52.754898057784885
ms,1234,7,0.45,0.55,282.0448471112177,50.787832119036466
ms,1234,8,0.45,0.55,439.82093273987994,50.02031087316573
ms,1234,9,0.75,0.25,162.3647896409966,49.36497847409919
ms,1234,10,0.8,0.2,281.4378997129388,48.91085894405842
ms,1234,11,0.3,0.7,400.0065705939196,48.38852977519855
ms,1234,12,0.7,0.3,361.84951675636694,47.61320924991742
ms,1234,13,0.15,0.85,360.8527564071119,46.670726023148745
ms,1234,14,0.5,0.5,321.0098339440301,46.025680544320494
ms,1234,15,0.3,0.7,519.3657198697329,45.31357239698991
multibald,1234,0,0.3,0.7,319.65929602179676,75.80029454408213
multibald,1234,1,0.2,0.8,200.41113299131393,74.81255299877375
multibald,1234,2,0.6,0.4,556.0507016866468,73.49872585618868
multibald,1234,3,0.5,0.5,240.82057481911033,72.81919417902827
multibald,1234,4,0.35,0.65,361.00662197871134,72.17235620273277
multibald,1234,5,0.1,0.9,280.4590677060187,70.75415875995532
multibald,1234,6,0.4,0.6,479.2714581582695,70.35649997601286
multibald,1234,7,0.3,0.7,401.25779774505645,68.85777195682749
multibald,1234,8,0.4,0.6,242.03547971788794,68.13242319598794
multibald,1234,9,0.15,0.85,557.8292878931388,67.00818512635306
