acquision_function,seed,iteration_number,normal,moderate,severe,train_time,batch_time
Random,9031,0,0.0,0.5,0.5,202.08875510608777,0.0005563688464462757
Random,9031,1,0.0,0.25,0.75,162.32786746742204,0.0005653412081301212
Random,9031,2,0.1,0.45,0.45,162.66911753593013,0.0005628890357911587
Random,9031,3,0.05,0.45,0.5,242.49003041582182,0.0005562850274145603
Random,9031,4,0.0,0.35,0.65,243.388152229134,0.0005484540015459061
Random,9031,5,0.15,0.55,0.3,283.46492550102994,0.0005830922164022923
Random,9031,6,0.15,0.4,0.45,441.12745250575244,0.0005145207978785038
Random,9031,7,0.15,0.4,0.45,520.8226023749448,0.0005990369245409966
Random,9031,8,0.1,0.35,0.55,680.3648128942586,0.0005642022006213665
Random,9031,9,0.1,0.45,0.45,561.9039218379185,0.000543828122317791
Random,9031,10,0.1,0.35,0.55,481.9028448597528,0.0004904000088572502
Random,9031,11,0.1,0.35,0.55,600.8826295603067,0.0005661179311573505
Random,9031,12,0.1,0.3,0.6,442.0195918790996,0.0006388179026544094
Random,9031,13,0.1,0.3,0.6,361.8476179470308,0.0005030506290495396
Random,9031,14,0.1,0.2,0.7,520.6121416841634,0.0005691549740731716
Random,9031,15,0.05,0.5,0.45,560.7139425999485,0.0005097980611026287
Random,9031,16,0.1,0.5,0.4,283.1318895877339,0.0006333258934319019
Random,9031,17,0.0,0.45,0.55,402.8773132399656,0.0005350960418581963
Random,9031,18,0.1,0.35,0.55,362.6146254683845,0.0005777613259851933
Random,9031,19,0.1,0.4,0.5,401.89612381206825,0.0005585439503192902
Random,9031,20,0.2,0.5,0.3,243.43951286980882,0.0005660769529640675
Random,9031,21,0.1,0.6,0.3,560.8416163781658,0.0005097249522805214
Least Confidence,8888,0,0.25,0.25,0.5,320.7854487048462,53.902898215223104
Least Confidence,8888,1,0.1,0.45,0.45,280.79010981414467,53.10526682622731
Least Confidence,8888,2,0.45,0.2,0.35,201.82754226820543,52.43165267305449
Least Confidence,8888,3,0.1,0.55,0.35,202.1084378398955,51.70527118211612
Least Confidence,8888,4,0.35,0.5,0.15,321.5160564011894,51.14594571106136
Least Confidence,8888,5,0.05,0.6,0.35,242.17907603178173,50.303571078926325
Least Confidence,8888,6,0.4,0.3,0.3,202.21277544880286,49.50911957304925
Least Confidence,8888,7,0.15,0.65,0.2,679.8380758352578,48.84978008083999
Least Confidence,8888,8,0.15,0.6,0.25,282.58151186583564,48.165615499950945
Least Confidence,8888,9,0.15,0.45,0.4,441.0365145551041,47.31557265203446
Least Confidence,8888,10,0.25,0.45,0.3,282.4449398731813,46.813620685599744
Least Confidence,8888,11,0.3,0.5,0.2,202.7474935632199,46.12572236498818
Least Confidence,8888,12,0.1,0.35,0.55,481.3095792452805,45.36273164488375
Least Confidence,8888,13,0.55,0.4,0.05,242.45838768407702,44.80917479796335
Least Confidence,8888,14,0.05,0.65,0.3,441.68506748601794,43.97689628181979
Least Confidence,8888,15,0.2,0.45,0.35,361.68760154629126,43.359838739037514
Least Confidence,8888,16,0.05,0.4,0.55,163.22922558989376,42.690586977638304
Least Confidence,8888,17,0.4,0.45,0.15,521.6548738460988,42.26872605131939
Least Confidence,8888,18,0.4,0.4,0.2,162.7571448609233,41.20198182668537
Least Confidence,8888,19,0.05,0.35,0.6,162.6693219151348,40.51895476831123
Least Confidence,8888,20,0.15,0.4,0.45,202.8325304798782,39.98070562304929
Least Confidence,8888,21,0.15,0.45,0.4,361.7705326611176,39.491578795947134
Least Confidence,8888,22,0.15,0.5,0.35,242.7400726294145,38.77772259293124
Least Confidence,8888,23,0.05,0.4,0.55,362.39110084902495,38.16364206606522
Least Confidence,8888,24,0.45,0.35,0.2,282.56255771871656,37.603634589817375
Least Confidence,8888,25,0.2,0.55,0.25,322.0826712138951,36.85881402390078
Least Confidence,8888,26,0.15,0.5,0.35,481.3007259052247,36.19913448905572
Least Confidence,8888,27,0.2,0.35,0.45,519.6437410241924,35.469106807839125
Least Confidence,8888,28,0.15,0.45,0.4,560.4841991411522,35.03929057298228
BatchBALD,9031,0,0.2,0.4,0.4,241.23994910623878,88.00679893000051
BatchBALD,9031,1,0.3,0.45,0.25,280.3644360001199,86.62868821620941
BatchBALD,9031,2,0.35,0.45,0.2,399.0631256820634,85.29720331216231
BatchBALD,9031,3,0.15,0.35,0.5,280.7675856137648,84.39590746164322
BatchBALD,9031,4,0.35,0.25,0.4,241.49376618117094,83.19232451403514
BatchBALD,9031,5,0.35,0.55,0.1,320.2345411856659,82.19040993507951
BatchBALD,9031,6,0.0,0.15,0.85,201.29704862600192,81.04912881273776
BatchBALD,9031,7,0.55,0.3,0.15,280.4571022950113,80.42128781462088
BatchBALD,9031,8,0.3,0.5,0.2,399.56977917207405,79.08298649080098
BatchBALD,9031,9,0.25,0.4,0.35,241.38491779798642,77.89324239967391
BatchBALD,9031,10,0.15,0.35,0.5,280.4977240553126,77.11987741431221
BatchBALD,9031,11,0.45,0.4,0.15,241.94175865594298,75.87826633825898
BatchBALD,9031,12,0.2,0.65,0.15,241.2269851299934,74.83077266672626
BatchBALD,9031,13,0.2,0.5,0.3,161.91928549204022,73.8826654870063
BatchBALD,9031,14,0.2,0.55,0.25,280.71091565908864,72.84932358004153
BatchBALD,9031,15,0.15,0.15,0.7,280.5495089320466,71.52535368409008
BatchBALD,9031,16,0.15,0.6,0.25,280.8796959416941,70.73598862206563
BatchBALD,9031,17,0.15,0.45,0.4,201.95007301867008,69.35609508212656
BatchBALD,9031,18,0.05,0.4,0.55,360.29256761586294,68.38366530835629
BatchBALD,9031,19,0.2,0.6,0.2,281.15085237985477,67.4588543321006
BatchBALD,9031,20,0.15,0.6,0.25,399.8447175398469,66.27651735814288
BatchBALD,9031,21,0.35,0.55,0.1,361.1891343058087,67.58431914728135
BatchBALD,9031,22,0.1,0.65,0.25,401.1294282232411,64.90539787756279
Margin Sampling,4321,0,0.0,0.7,0.3,322.8193853739649,54.564734887797385
Margin Sampling,4321,1,0.1,0.55,0.35,242.1873197820969,53.637313454877585
Margin Sampling,4321,2,0.25,0.35,0.4,361.44604428997263,52.59668016107753
Margin Sampling,4321,3,0.2,0.3,0.5,438.8687567701563,51.88889389811084
Margin Sampling,4321,4,0.1,0.4,0.5,241.77706841006875,51.22664909204468
Margin Sampling,4321,5,0.35,0.5,0.15,321.3485299181193,50.437149378005415
Margin Sampling,4321,6,0.2,0.7,0.1,242.46085482882336,49.91209249012172
Margin Sampling,4321,7,0.2,0.3,0.5,361.8551410799846,49.4406926529482
Margin Sampling,4321,8,0.2,0.35,0.45,361.82726218923926,48.29211710114032
Margin Sampling,4321,9,0.2,0.6,0.2,282.59030656982213,47.60690747015178
Margin Sampling,4321,10,0.35,0.4,0.25,362.7436322700232,46.83900590799749
Margin Sampling,4321,11,0.2,0.6,0.2,402.8414168539457,46.116104860790074
Margin Sampling,4321,12,0.4,0.3,0.3,322.77998685091734,45.45509352721274
Margin Sampling,4321,13,0.05,0.5,0.45,601.7899567801505,44.65809391392395
BatchBALD,1234,0,0.2,0.35,0.45,202.80337194167078,87.69440954271704
BatchBALD,1234,1,0.45,0.5,0.05,479.4082614011131,86.29046980617568
BatchBALD,1234,2,0.4,0.4,0.2,279.8747725705616,85.11915855109692
BatchBALD,1234,3,0.2,0.25,0.55,240.50562384305522,83.95161858666688
BatchBALD,1234,4,0.3,0.4,0.3,280.95597957400605,82.64960511960089
BatchBALD,1234,5,0.1,0.7,0.2,281.3846109667793,81.41433292394504
BatchBALD,1234,6,0.4,0.4,0.2,161.9426253149286,80.42656037770212
BatchBALD,1234,7,0.45,0.5,0.05,161.67031423700973,79.59671805100515
BatchBALD,1234,8,0.6,0.3,0.1,400.2996796523221,78.47013828670606
BatchBALD,1234,9,0.2,0.5,0.3,282.45859882002696,77.36723090102896
BatchBALD,1234,10,0.15,0.3,0.55,202.1017206995748,76.84691352304071
BatchBALD,1234,11,0.35,0.5,0.15,321.11193454638124,75.08873439393938
BatchBALD,1234,12,0.45,0.2,0.35,400.87149853864685,73.93152029300109
BatchBALD,1234,13,0.25,0.55,0.2,281.7129264441319,73.06622547237203
BatchBALD,1234,14,0.05,0.45,0.5,321.01879847515374,71.99986209813505
BatchBALD,1234,15,0.9,0.1,0.0,202.34419077308849,70.92035320494324
BatchBALD,1234,16,0.3,0.6,0.1,241.48597374884412,69.81300084711984
BatchBALD,1234,17,0.2,0.35,0.45,201.81251706229523,68.87384165730327
BatchBALD,1234,18,0.2,0.4,0.4,281.6666721217334,67.72458975203335
Var Ratios,8888,0,0.05,0.7,0.25,162.69666916597635,54.05037256423384
Var Ratios,8888,1,0.2,0.4,0.4,201.08382849302143,53.602214987855405
Var Ratios,8888,2,0.4,0.3,0.3,161.9543583369814,52.66847052704543
Var Ratios,8888,3,0.1,0.75,0.15,320.48312451830134,51.93383590597659
Var Ratios,8888,4,0.6,0.25,0.15,201.53935802122578,51.4091792460531
Var Ratios,8888,5,0.45,0.3,0.25,202.16710172593594,50.53799515776336
Var Ratios,8888,6,0.2,0.25,0.55,599.5460945842788,50.16551628615707
Var Ratios,8888,7,0.15,0.65,0.2,480.23287862725556,49.26381467515603
Var Ratios,8888,8,0.2,0.55,0.25,202.6402138080448,48.40794346993789
Var Ratios,8888,9,0.25,0.5,0.25,441.0461520627141,48.06126041011885
Var Ratios,8888,10,0.15,0.55,0.3,281.7999355774373,47.24512396380305
Var Ratios,8888,11,0.1,0.45,0.45,321.5296755898744,46.40103719802573
Var Ratios,8888,12,0.25,0.45,0.3,281.3407041798346,45.982630169950426
Var Ratios,8888,13,0.2,0.5,0.3,321.9241997920908,44.93244032096118
Var Ratios,8888,14,0.35,0.5,0.15,639.7538161519915,44.39890362881124
Var Ratios,8888,15,0.05,0.5,0.45,321.70154620334506,43.43039391981438
Var Ratios,8888,16,0.25,0.5,0.25,361.3052979069762,42.85013255709782
Var Ratios,8888,17,0.0,0.3,0.7,401.49015716509894,42.413698743097484
Var Ratios,8888,18,0.1,0.6,0.3,361.52870568586513,41.48504124395549
Var Ratios,8888,19,0.15,0.5,0.35,242.61939956061542,40.79857186321169
Var Ratios,8888,20,0.0,0.6,0.4,321.6736005214043,40.0436353739351
Var Ratios,8888,21,0.05,0.65,0.3,719.9761867648922,39.41686253575608
Var Ratios,8888,22,0.35,0.25,0.4,361.64456659602,38.68139465013519
Var Ratios,8888,23,0.5,0.3,0.2,202.66285246610641,37.90140253212303
Var Ratios,8888,24,0.5,0.35,0.15,242.27604584535584,37.24715590104461
Var Ratios,8888,25,0.1,0.65,0.25,442.13289237301797,36.652358050923795
Var Ratios,8888,26,0.05,0.55,0.4,322.63585589127615,35.8771850108169
Var Ratios,8888,27,0.15,0.5,0.35,322.174508840777,35.39340779976919
Var Ratios,8888,28,0.15,0.4,0.45,203.0633500320837,34.45640919590369
Var Ratios,8888,29,0.15,0.4,0.45,162.45553208701313,33.728143990039825
Var Ratios,8888,30,0.25,0.45,0.3,479.88383436156437,33.102103212848306
Var Ratios,8888,31,0.0,0.3,0.7,481.0554937343113,32.49081149417907
Var Ratios,8888,32,0.05,0.7,0.25,401.1674672481604,31.950429506134242
Var Ratios,8888,33,0.1,0.6,0.3,440.9455201579258,31.024058371782303
Random,1234,0,0.15,0.35,0.5,360.9436925537884,0.0004950608126819134
Random,1234,1,0.1,0.35,0.55,441.66271560499445,0.0005594599060714245
Random,1234,2,0.0,0.4,0.6,203.0297090858221,0.0005057333037257195
Random,1234,3,0.4,0.3,0.3,322.76948291715235,0.0005661221221089363
Random,1234,4,0.1,0.4,0.5,403.58814859203994,0.0006196768954396248
Random,1234,5,0.1,0.35,0.55,203.43813816504553,0.0005515040829777718
Random,1234,6,0.15,0.4,0.45,243.43516615685076,0.000566242728382349
Random,1234,7,0.15,0.4,0.45,243.4622802240774,0.0005802433006465435
Random,1234,8,0.15,0.4,0.45,164.29100247984752,0.0005580061115324497
Random,1234,9,0.05,0.35,0.6,523.3835839116946,0.0005672401748597622
Var Ratios,58,0,0.15,0.7,0.15,241.72233919193968,54.30119837401435
Var Ratios,58,1,0.15,0.3,0.55,280.6877712546848,54.01800408679992
Var Ratios,58,2,0.1,0.7,0.2,361.55701309023425,53.13021228695288
Var Ratios,58,3,0.1,0.65,0.25,202.08647067518905,52.623831638135016
Var Ratios,58,4,0.4,0.4,0.2,162.6734142852947,51.418773835059255
Var Ratios,58,5,0.3,0.55,0.15,441.23957074293867,50.85983445169404
Var Ratios,58,6,0.3,0.45,0.25,321.96244652429596,49.94129915116355
Var Ratios,58,7,0.4,0.4,0.2,361.52381829405203,49.38008729182184
Var Ratios,58,8,0.25,0.45,0.3,242.79349794378504,48.732350029051304
Var Ratios,58,9,0.25,0.4,0.35,402.49471300886944,47.99355558818206
Var Ratios,58,10,0.2,0.35,0.45,322.0419909907505,47.298329301178455
Var Ratios,58,11,0.1,0.55,0.35,282.11341611482203,46.64580751815811
Var Ratios,58,12,0.1,0.45,0.45,442.3072161837481,45.99155856575817
Var Ratios,58,13,0.4,0.5,0.1,321.7602329989895,45.15046839695424
Var Ratios,58,14,0.2,0.55,0.25,361.92365199839696,44.443584572989494
Var Ratios,58,15,0.1,0.4,0.5,441.67461335333064,43.811616740655154
Var Ratios,58,16,0.45,0.35,0.2,403.0138231762685,43.26505324104801
Var Ratios,58,17,0.3,0.4,0.3,441.2189435348846,42.45267677819356
Var Ratios,58,18,0.65,0.35,0.0,361.74838809203357,41.82868495909497
Var Ratios,58,19,0.3,0.5,0.2,362.2378083569929,41.10358158592135
Var Ratios,58,20,0.35,0.4,0.25,521.1161540537141,40.317627558950335
Var Ratios,58,21,0.15,0.75,0.1,640.3436945439316,39.56647630222142
Var Ratios,58,22,0.0,0.4,0.6,202.1965498891659,39.00152107514441
Var Ratios,58,23,0.4,0.5,0.1,282.02773097204044,38.37749879993498
Var Ratios,58,24,0.0,0.15,0.85,162.48130088392645,37.52426316216588
Var Ratios,58,25,0.0,0.6,0.4,321.8359799259342,37.0878238119185
Var Ratios,58,26,0.05,0.55,0.4,600.8622004589997,36.221829743124545
Mean STD,4321,0,0.1,0.35,0.55,162.9526310460642,54.416308275889605
Mean STD,4321,1,0.25,0.45,0.3,320.5910385819152,53.47313470393419
Mean STD,4321,2,0.25,0.5,0.25,480.0343748689629,52.98264428600669
Mean STD,4321,3,0.45,0.35,0.2,241.77586657600477,52.25982452509925
Mean STD,4321,4,0.1,0.4,0.5,360.8539543286897,51.684622216038406
Mean STD,4321,5,0.2,0.5,0.3,281.44284290540963,50.79366396507248
Mean STD,4321,6,0.55,0.25,0.2,362.0200179400854,50.14880043128505
Mean STD,4321,7,0.45,0.4,0.15,242.09115481283516,49.47731896024197
Mean STD,4321,8,0.6,0.3,0.1,600.5961588947102,48.665498819667846
Mean STD,4321,9,0.15,0.55,0.3,482.22758131986484,48.25656611984596
Mean STD,4321,10,0.8,0.2,0.0,361.6725822640583,47.36264475202188
Mean STD,4321,11,0.55,0.4,0.05,322.5492266807705,46.62697480386123
Mean STD,4321,12,0.1,0.4,0.5,242.85452719498426,46.19783838931471
Mean STD,4321,13,0.4,0.45,0.15,322.68748022895306,45.2940254653804
Mean STD,4321,14,0.5,0.35,0.15,242.4268694948405,44.61529637919739
Mean STD,4321,15,0.2,0.6,0.2,242.2017093268223,43.85055594006553
Mean STD,4321,16,0.7,0.2,0.1,282.26300521800295,43.374823729041964
Mean STD,4321,17,0.7,0.3,0.0,321.43506184918806,43.00048481626436
Mean STD,4321,18,0.5,0.3,0.2,202.52539338497445,42.16441292734817
Mean STD,4321,19,0.0,0.3,0.7,321.6754025090486,41.483014521654695
Mean STD,4321,20,0.4,0.5,0.1,202.26203033188358,40.56751128286123
Mean STD,4321,21,0.0,0.7,0.3,640.1286950502545,40.052528116852045
Mean STD,1234,0,0.3,0.4,0.3,163.12209785589948,53.86495561944321
Mean STD,1234,1,0.2,0.5,0.3,359.5642303270288,53.225612892303616
Mean STD,1234,2,0.15,0.45,0.4,518.1047508576885,52.70436852192506
Mean STD,1234,3,0.4,0.4,0.2,201.66028914088383,51.865679955109954
Mean STD,1234,4,0.45,0.35,0.2,359.96686596563086,51.32434220984578
Mean STD,1234,5,0.0,0.4,0.6,559.552533717826,50.30607058200985
Mean STD,1234,6,0.45,0.3,0.25,162.11309618270025,49.483328534755856
Mean STD,1234,7,0.4,0.5,0.1,202.34866095893085,48.977479110937566
Mean STD,1234,8,0.15,0.5,0.35,242.6974254627712,49.43416548008099
Mean STD,1234,9,0.25,0.4,0.35,282.4022258608602,48.815806376282126
Mean STD,1234,10,0.05,0.25,0.7,520.9853611472063,47.18459008587524
Mean STD,1234,11,0.15,0.45,0.4,481.5629579941742,46.54439829895273
Mean STD,1234,12,0.35,0.5,0.15,559.2473242427222,45.93568731006235
Mean STD,1234,13,0.3,0.45,0.25,400.8818578789942,45.2503999019973
Random,4321,0,0.2,0.35,0.45,163.4908945360221,0.0005686972290277481
Random,4321,1,0.05,0.45,0.5,441.3629042059183,0.0005596638657152653
Random,4321,2,0.1,0.5,0.4,402.25018156087026,0.000557570718228817
Random,4321,3,0.2,0.25,0.55,163.84943822585046,0.0005791080184280872
Random,4321,4,0.05,0.55,0.4,364.00986305391416,0.0006063822656869888
Random,4321,5,0.05,0.35,0.6,324.0174892200157,0.0005818158388137817
Random,4321,6,0.15,0.4,0.45,404.43040678696707,0.0005807927809655666
Random,4321,7,0.0,0.4,0.6,244.45849693240598,0.0005859746597707272
Random,4321,8,0.15,0.2,0.65,364.74827521527186,0.000558940228074789
Random,4321,9,0.05,0.45,0.5,325.0690610059537,0.00045456597581505775
Random,4321,10,0.05,0.3,0.65,564.2688353969716,0.0005606012418866158
Random,4321,11,0.2,0.4,0.4,364.5012180041522,0.0006594131700694561
Random,4321,12,0.05,0.5,0.45,325.12814671127126,0.0005016420036554337
Random,4321,13,0.25,0.45,0.3,403.56805205112323,0.0006439005956053734
Random,4321,14,0.15,0.35,0.5,204.09626195719466,0.000592552125453949
Random,4321,15,0.2,0.4,0.4,244.33818263886496,0.0005863741971552372
Random,4321,16,0.15,0.2,0.65,284.00094771618024,0.0005132458172738552
Random,4321,17,0.15,0.4,0.45,324.45670202886686,0.0006098700687289238
Random,4321,18,0.2,0.45,0.35,284.28267214493826,0.0005913302302360535
Random,4321,19,0.05,0.45,0.5,524.2058681817725,0.0006443606689572334
BatchBALD,4321,0,0.3,0.35,0.35,162.87989991437644,87.39638092694804
BatchBALD,4321,1,0.3,0.4,0.3,439.0477236076258,86.53214181680232
BatchBALD,4321,2,0.15,0.35,0.5,201.6662703882903,85.93538976181298
BatchBALD,4321,3,0.25,0.4,0.35,637.081576847937,84.46354758087546
BatchBALD,4321,4,0.4,0.45,0.15,438.79929925175384,83.13745486503467
BatchBALD,4321,5,0.15,0.5,0.35,557.6025604531169,82.41510036727414
BatchBALD,4321,6,0.3,0.2,0.5,201.18349447194487,81.27472825907171
BatchBALD,4321,7,0.35,0.25,0.4,281.648094011005,80.2145122452639
BatchBALD,4321,8,0.55,0.35,0.1,202.0740287383087,79.12269594799727
BatchBALD,4321,9,0.25,0.5,0.25,242.2709022713825,78.13554232101887
BatchBALD,4321,10,0.55,0.35,0.1,201.8549754959531,77.06149098509923
BatchBALD,4321,11,0.15,0.35,0.5,242.23627942614257,76.0029137255624
BatchBALD,4321,12,0.45,0.25,0.3,241.7422541482374,75.13592875795439
BatchBALD,4321,13,0.35,0.3,0.35,360.7580500631593,73.66346737602726
BatchBALD,4321,14,0.25,0.55,0.2,479.9762979778461,72.76397912902758
BatchBALD,4321,15,0.2,0.35,0.45,241.90855972701684,71.41019849898294
BatchBALD,4321,16,0.25,0.45,0.3,241.22641495987773,70.7457000343129
BatchBALD,4321,17,0.35,0.25,0.4,321.1476858528331,69.16807363834232
BatchBALD,4321,18,0.1,0.45,0.45,321.55398302990943,68.36460893508047
BatchBALD,4321,19,0.45,0.45,0.1,400.594201490283,67.11059240112081
Margin Sampling,9031,0,0.3,0.4,0.3,359.3966065370478,54.237543877679855
Margin Sampling,9031,1,0.1,0.45,0.45,279.53560397494584,53.708797866944224
Margin Sampling,9031,2,0.25,0.25,0.5,161.37208931986243,53.18393714725971
Margin Sampling,9031,3,0.3,0.25,0.45,240.9538179570809,52.310660255141556
Margin Sampling,9031,4,0.25,0.45,0.3,280.0391140272841,51.52932097483426
Margin Sampling,9031,5,0.15,0.6,0.25,518.3891462469473,50.92308762297034
Margin Sampling,9031,6,0.15,0.35,0.5,401.27787178289145,50.22356020892039
Margin Sampling,9031,7,0.25,0.25,0.5,242.0144225023687,49.479576256126165
Margin Sampling,9031,8,0.0,0.5,0.5,281.9207824198529,48.930387610103935
Margin Sampling,9031,9,0.0,0.55,0.45,479.4691999927163,47.910104025155306
Margin Sampling,9031,10,0.2,0.6,0.2,321.2709230049513,47.29670625599101
Margin Sampling,9031,11,0.15,0.35,0.5,481.6141871060245,46.83346010511741
Margin Sampling,9031,12,0.05,0.65,0.3,281.82971015106887,45.964290296658874
Margin Sampling,9031,13,0.1,0.65,0.25,242.09931285865605,45.307916541118175
Margin Sampling,9031,14,0.3,0.3,0.4,321.59061047481373,44.67300800699741
Margin Sampling,9031,15,0.25,0.35,0.4,560.5455865534022,43.81207054341212
Margin Sampling,9031,16,0.1,0.55,0.35,559.5608177888207,43.23064751503989
Entropy Sampling,8888,0,0.2,0.4,0.4,438.0570697761141,54.09596401499584
Entropy Sampling,8888,1,0.15,0.3,0.55,240.65669212397188,53.44425354292616
Entropy Sampling,8888,2,0.2,0.6,0.2,437.3731694710441,52.75756189087406
Entropy Sampling,8888,3,0.4,0.35,0.25,240.48000487685204,51.98979488806799
Entropy Sampling,8888,4,0.25,0.5,0.25,201.31317254900932,51.2229635999538
Entropy Sampling,8888,5,0.3,0.45,0.25,241.42997104488313,50.64725387794897
Entropy Sampling,8888,6,0.05,0.4,0.55,360.22435155604035,50.093301850836724
Entropy Sampling,8888,7,0.25,0.45,0.3,479.6690295659937,49.249048138037324
Entropy Sampling,8888,8,0.0,0.5,0.5,241.51717284182087,48.641565647907555
Entropy Sampling,8888,9,0.4,0.4,0.2,202.14527235878631,48.18659913120791
Entropy Sampling,8888,10,0.3,0.55,0.15,361.32739133480936,47.34055743087083
Entropy Sampling,8888,11,0.25,0.6,0.15,519.4384469427168,46.72695800801739
Entropy Sampling,8888,12,0.1,0.3,0.6,360.4488366479054,45.780214596074075
Entropy Sampling,8888,13,0.15,0.35,0.5,399.6891791988164,45.471760435029864
Entropy Sampling,8888,14,0.15,0.45,0.4,518.84646368213,44.46993264509365
Entropy Sampling,8888,15,0.0,0.6,0.4,598.9941104003228,43.75589695805684
Entropy Sampling,8888,16,0.05,0.55,0.4,361.2774019530043,43.086291359271854
Entropy Sampling,8888,17,0.0,0.45,0.55,321.2159951943904,42.24746052129194
Entropy Sampling,8888,18,0.15,0.65,0.2,281.63600876228884,41.7593083512038
Entropy Sampling,8888,19,0.05,0.45,0.5,242.2840722273104,41.20254583610222
Entropy Sampling,8888,20,0.0,0.45,0.55,321.5852158968337,40.32596398284659
Entropy Sampling,8888,21,0.2,0.4,0.4,162.3687136261724,40.48141575511545
Entropy Sampling,8888,22,0.15,0.45,0.4,599.5004884097725,38.99519067676738
Entropy Sampling,8888,23,0.25,0.55,0.2,281.2115244027227,38.559952777810395
Entropy Sampling,8888,24,0.1,0.6,0.3,361.02925995737314,37.603182347957045
Entropy Sampling,8888,25,0.2,0.35,0.45,481.1805082769133,37.11096000717953
Entropy Sampling,8888,26,0.25,0.45,0.3,677.7211130480282,36.2609818726778
Entropy Sampling,8888,27,0.85,0.15,0.0,241.68541326513514,35.755336694885045
Entropy Sampling,8888,28,0.15,0.45,0.4,678.0565263410099,34.983139134943485
Entropy Sampling,8888,29,0.15,0.15,0.7,162.08087180322036,34.37887397687882
Entropy Sampling,8888,30,0.2,0.7,0.1,440.7506062728353,33.60802202206105
Entropy Sampling,254,0,0.15,0.3,0.55,201.35790785308927,54.37908357009292
Entropy Sampling,254,1,0.4,0.35,0.25,160.53132788091898,54.01472495915368
Entropy Sampling,254,2,0.2,0.55,0.25,397.6567394579761,53.11720616882667
Entropy Sampling,254,3,0.05,0.5,0.45,438.54859630716965,52.5933848223649
Entropy Sampling,254,4,0.45,0.5,0.05,319.87264075502753,52.624730941839516
Entropy Sampling,254,5,0.2,0.65,0.15,241.37401203112677,51.01781714335084
Entropy Sampling,254,6,0.4,0.5,0.1,279.9320304482244,50.18456626078114
Entropy Sampling,254,7,0.3,0.45,0.25,399.39948053704575,49.48871779302135
Entropy Sampling,254,8,0.3,0.4,0.3,281.17822087183595,48.73748202295974
Entropy Sampling,254,9,0.25,0.35,0.4,479.416926657781,48.134197351988405
Entropy Sampling,254,10,0.75,0.25,0.0,478.3361223130487,47.398636769037694
Entropy Sampling,254,11,0.15,0.6,0.25,399.88385378709063,47.67556038405746
Entropy Sampling,254,12,0.45,0.3,0.25,400.3130067801103,46.17947358312085
Entropy Sampling,254,13,0.35,0.4,0.25,359.87961533199996,45.5463958918117
Entropy Sampling,254,14,0.3,0.4,0.3,280.8374787378125,44.957273370120674
Entropy Sampling,254,15,0.1,0.5,0.4,400.22935056267306,44.10979541298002
Entropy Sampling,254,16,0.15,0.4,0.45,755.3895227820612,43.51933808811009
Entropy Sampling,254,17,0.15,0.45,0.4,241.5134762073867,42.81354747992009
Entropy Sampling,254,18,0.2,0.6,0.2,399.52933143405244,42.425692800898105
Entropy Sampling,254,19,0.15,0.35,0.5,517.6438170610927,41.87253212183714
Margin Sampling,1234,0,0.05,0.4,0.55,440.8477290319279,53.74396108277142
Margin Sampling,1234,1,0.1,0.5,0.4,201.96783720236272,53.014454575721174
Margin Sampling,1234,2,0.2,0.35,0.45,242.21913401130587,52.265275032259524
Margin Sampling,1234,3,0.25,0.3,0.45,242.18701587896794,51.58639438031241
Margin Sampling,1234,4,0.2,0.45,0.35,242.95241754408926,50.97561669582501
Margin Sampling,1234,5,0.4,0.35,0.25,241.76602329406887,50.047494028229266
Margin Sampling,1234,6,0.25,0.55,0.2,680.4530051006004,49.533284248784184
Margin Sampling,1234,7,0.05,0.65,0.3,322.19428326329216,49.21108493022621
Margin Sampling,1234,8,0.15,0.5,0.35,522.6282174610533,48.0138444788754
Margin Sampling,1234,9,0.25,0.3,0.45,521.9642875017598,47.467869497835636
Margin Sampling,1234,10,0.1,0.5,0.4,282.9523701807484,47.0039487183094
Mean STD,9031,0,0.2,0.45,0.35,359.4943758677691,54.66706607490778
Mean STD,9031,1,0.0,0.6,0.4,200.98022895585746,53.91972678294405
Mean STD,9031,2,0.25,0.65,0.1,240.44916202314198,53.33644391829148
Mean STD,9031,3,0.25,0.2,0.55,478.5186395868659,52.46326674101874
Mean STD,9031,4,0.25,0.4,0.35,320.16607360588387,52.15714174322784
Mean STD,9031,5,0.2,0.25,0.55,201.20115944603458,51.204223359934986
Mean STD,9031,6,0.45,0.3,0.25,715.6728710928,50.46272854274139
Mean STD,9031,7,0.35,0.5,0.15,399.61583775561303,49.85648330487311
Mean STD,9031,8,0.5,0.45,0.05,399.6638170229271,48.87034571217373
Mean STD,9031,9,0.3,0.35,0.35,240.7091029030271,48.25294457515702
Mean STD,9031,10,0.2,0.5,0.3,400.00693141203374,47.75542923109606
Mean STD,9031,11,0.1,0.7,0.2,201.51907581370324,47.34613571688533
Mean STD,9031,12,0.25,0.25,0.5,241.0754313180223,46.50460576778278
Mean STD,9031,13,0.2,0.55,0.25,320.3682602341287,45.73832229990512
Mean STD,9031,14,0.75,0.25,0.0,201.12376976571977,45.05611291807145
Mean STD,9031,15,0.25,0.2,0.55,320.17610610928386,44.30936286877841
Mean STD,9031,16,0.35,0.55,0.1,439.7304504159838,43.67602203134447
Mean STD,9031,17,0.15,0.45,0.4,677.8309153728187,42.916782261803746
Random,58,0,0.05,0.4,0.55,240.88428269606084,0.0005543418228626251
Random,58,1,0.0,0.6,0.4,281.48388769011945,0.0005697621963918209
Random,58,2,0.1,0.4,0.5,360.8389339670539,0.0005526249296963215
Random,58,3,0.15,0.15,0.7,322.44611948076636,0.0005601942539215088
Random,58,4,0.15,0.4,0.45,322.96991455415264,0.0005420688539743423
Random,58,5,0.25,0.25,0.5,362.78631805907935,0.0005676238797605038
Random,58,6,0.3,0.35,0.35,362.7194026359357,0.0005585509352385998
Random,58,7,0.1,0.3,0.6,243.642446893733,0.0005756141617894173
Random,58,8,0.2,0.45,0.35,283.94918656814843,0.000555114820599556
Random,58,9,0.25,0.2,0.55,364.5191521481611,0.000600885134190321
Random,58,10,0.3,0.4,0.3,243.67102578980848,0.0005645900964736938
Random,58,11,0.25,0.2,0.55,363.22171867405996,0.0005068718455731869
Random,58,12,0.1,0.4,0.5,244.00427871616557,0.0005065770819783211
Random,58,13,0.1,0.35,0.55,284.02341260714456,0.0005341218784451485
Random,58,14,0.1,0.45,0.45,203.7556165526621,0.0005629761144518852
Random,58,15,0.3,0.2,0.5,324.0161970620975,0.0005584820173680782
Random,58,16,0.05,0.6,0.35,443.97884183516726,0.000538775697350502
Random,58,17,0.2,0.35,0.45,443.78383149625733,0.0005968441255390644
Random,58,18,0.2,0.35,0.45,244.2152844411321,0.0005169021897017956
Random,58,19,0.25,0.3,0.45,363.92939324490726,0.0005463371053338051
Random,58,20,0.1,0.3,0.6,363.3201697608456,0.0005547557957470417
Random,58,21,0.15,0.4,0.45,324.5812550690025,0.00048706401139497757
Random,58,22,0.2,0.45,0.35,443.65613948879763,0.00048170099034905434
Random,58,23,0.15,0.25,0.6,364.02939238678664,0.0005658827722072601
Random,58,24,0.2,0.25,0.55,323.3646586830728,0.0005462639965116978
Random,58,25,0.05,0.5,0.45,284.09304088680074,0.0005548587068915367
Random,58,26,0.2,0.3,0.5,284.4559368249029,0.0005601351149380207
Mean STD,58,0,0.25,0.4,0.35,359.39803161099553,54.43502689432353
Mean STD,58,1,0.1,0.55,0.35,201.41652173409238,53.45658350037411
Mean STD,58,2,0.25,0.5,0.25,280.65711543522775,52.652662644162774
Mean STD,58,3,0.1,0.1,0.8,201.59913513809443,52.28637061920017
Mean STD,58,4,0.2,0.45,0.35,361.26792811974883,51.55602315813303
Mean STD,58,5,0.5,0.35,0.15,242.14177104411647,50.921093130949885
Mean STD,58,6,0.65,0.25,0.1,401.1901870374568,50.253970459103584
Random,254,0,0.15,0.45,0.4,240.7483422998339,0.0006170622073113918
Random,254,1,0.1,0.25,0.65,241.21729491930455,0.0005602408200502396
Random,254,2,0.1,0.45,0.45,280.9009787039831,0.0005649672821164131
Random,254,3,0.1,0.3,0.6,242.3053360641934,0.0005861562676727772
Random,254,4,0.0,0.55,0.45,322.6968119991943,0.0005837986245751381
Random,254,5,0.2,0.45,0.35,719.2845782977529,0.0006502550095319748
Random,254,6,0.2,0.5,0.3,283.05930847488344,0.0005922131240367889
Random,254,7,0.05,0.45,0.5,401.9793683090247,0.0005854270420968533
Random,254,8,0.2,0.45,0.35,243.24151717312634,0.0005994760431349277
Random,254,9,0.2,0.4,0.4,362.1739444998093,0.0006131147965788841
Random,254,10,0.1,0.35,0.55,282.42764841672033,0.0004968610592186451
Random,254,11,0.15,0.25,0.6,560.9119695108384,0.0005114302039146423
Random,254,12,0.1,0.3,0.6,283.2283763131127,0.000500944908708334
Random,254,13,0.15,0.25,0.6,323.3311952361837,0.0005935779772698879
Random,254,14,0.05,0.4,0.55,561.1800857549533,0.0005679349415004253
Random,254,15,0.15,0.3,0.55,323.31065717944875,0.0005401060916483402
Random,254,16,0.25,0.2,0.55,282.3450094307773,0.0005639158189296722
Random,254,17,0.05,0.45,0.5,203.1620904430747,0.000625981017947197
Random,254,18,0.05,0.55,0.4,402.5520097790286,0.0005172570236027241
Random,254,19,0.2,0.35,0.45,323.2375504830852,0.0006039217114448547
Random,254,20,0.25,0.1,0.65,243.24070320278406,0.0005700960755348206
Random,254,21,0.15,0.5,0.35,322.9659425369464,0.0005575791001319885
Random,254,22,0.1,0.4,0.5,602.4585407287814,0.0006015938706696033
Random,254,23,0.25,0.15,0.6,402.7710627550259,0.0005686650983989239
Random,254,24,0.2,0.25,0.55,442.55685836076736,0.000554411206394434
Random,254,25,0.1,0.25,0.65,323.2317287460901,0.0005601649172604084
Random,254,26,0.2,0.45,0.35,363.53409658931196,0.0006349710747599602
Random,254,27,0.0,0.5,0.5,403.77225230261683,0.0005858531221747398
Random,254,28,0.15,0.2,0.65,403.304165400099,0.0004940018989145756
Random,254,29,0.15,0.55,0.3,243.72641295194626,0.0005557159893214703
Random,254,30,0.25,0.2,0.55,562.9315256532282,0.0006316127255558968
Var Ratios,9031,0,0.15,0.65,0.2,241.46800241991878,54.40228961780667
Var Ratios,9031,1,0.05,0.5,0.45,358.2561255050823,53.59820689773187
Var Ratios,9031,2,0.35,0.6,0.05,201.17162944562733,52.95816320506856
Var Ratios,9031,3,0.1,0.4,0.5,400.20192630495876,52.58824523584917
Var Ratios,9031,4,0.25,0.6,0.15,517.6997029818594,51.861976590938866
Var Ratios,9031,5,0.25,0.3,0.45,359.6996170077473,51.13301342399791
Var Ratios,9031,6,0.1,0.5,0.4,359.8621227219701,50.600128972902894
Var Ratios,9031,7,0.15,0.7,0.15,359.978781118989,49.685966931283474
Var Ratios,9031,8,0.15,0.45,0.4,320.3596678399481,49.07830648589879
Var Ratios,9031,9,0.4,0.3,0.3,201.62673422601074,48.4178418898955
Var Ratios,9031,10,0.15,0.35,0.5,676.644428032916,48.18118441104889
Var Ratios,9031,11,0.05,0.6,0.35,201.80142814898863,47.87657253816724
Var Ratios,9031,12,0.05,0.5,0.45,360.5511725875549,46.307535232044756
Var Ratios,9031,13,0.3,0.4,0.3,400.0834759892896,45.433355771936476
Var Ratios,9031,14,0.05,0.35,0.6,558.4645107169636,44.72727834386751
Var Ratios,9031,15,0.4,0.4,0.2,359.78402430191636,44.09153552586213
Var Ratios,9031,16,0.2,0.2,0.6,559.1393015477806,43.56194549286738
Var Ratios,9031,17,0.2,0.5,0.3,359.82358382595703,42.85827064793557
Var Ratios,9031,18,0.45,0.45,0.1,359.7101250109263,42.245034790597856
Var Ratios,9031,19,0.4,0.45,0.15,201.74899928085506,41.57309846393764
Var Ratios,9031,20,0.15,0.65,0.2,400.7515333830379,40.784636843018234
Least Confidence,1234,0,0.45,0.3,0.25,202.96585107594728,53.593446193728596
Least Confidence,1234,1,0.25,0.45,0.3,280.5915696830489,53.20031126495451
Least Confidence,1234,2,0.2,0.55,0.25,320.6146051287651,52.54449196578935
Least Confidence,1234,3,0.2,0.5,0.3,361.5993888541125,51.80671620601788
Least Confidence,1234,4,0.65,0.3,0.05,281.68940301286057,50.97690894827247
Least Confidence,1234,5,0.15,0.6,0.25,440.2856282941066,50.371857919730246
Least Confidence,1234,6,0.2,0.6,0.2,322.08282908890396,49.79067139001563
Least Confidence,1234,7,0.0,0.6,0.4,401.76207000389695,49.04006819007918
Least Confidence,1234,8,0.15,0.5,0.35,202.7812463371083,48.047714073210955
Least Confidence,1234,9,0.05,0.5,0.45,401.6311025307514,47.552720674779266
Least Confidence,1234,10,0.1,0.65,0.25,243.0470914002508,46.89887363836169
Least Confidence,1234,11,0.1,0.45,0.45,401.9609240121208,45.95839371299371
Least Confidence,1234,12,0.6,0.4,0.0,322.10116546601057,45.308083458803594
Least Confidence,1234,13,0.05,0.55,0.4,362.7474409067072,44.72628103476018
Least Confidence,1234,14,0.15,0.35,0.5,242.44316484918818,44.08235718496144
Least Confidence,1234,15,0.2,0.35,0.45,482.12919777678326,43.08264149632305
Least Confidence,1234,16,0.35,0.35,0.3,282.93463395303115,42.5866716732271
Least Confidence,1234,17,0.8,0.15,0.05,362.8670689142309,41.97438182588667
Least Confidence,1234,18,0.25,0.45,0.3,242.4905085428618,41.21143319783732
Least Confidence,1234,19,0.6,0.2,0.2,162.78947943402454,40.51515530701727
Least Confidence,1234,20,0.4,0.55,0.05,361.9556752196513,40.07435051910579
Least Confidence,1234,21,0.3,0.55,0.15,242.3361425930634,39.21301209833473
Least Confidence,1234,22,0.05,0.6,0.35,362.1509496686049,38.567405748181045
Least Confidence,1234,23,0.2,0.45,0.35,282.8876991327852,37.98656691238284
Least Confidence,1234,24,0.35,0.5,0.15,362.1281623658724,37.20990824513137
Least Confidence,1234,25,0.35,0.4,0.25,401.4913108837791,36.42671066801995
Least Confidence,1234,26,0.55,0.3,0.15,362.49092054599896,35.93114203913137
Least Confidence,1234,27,0.05,0.45,0.5,362.50860216794536,35.05543217808008
Entropy Sampling,4321,0,0.2,0.5,0.3,557.5552623542026,54.39798163482919
Entropy Sampling,4321,1,0.2,0.45,0.35,437.5744598088786,53.82943564793095
Entropy Sampling,4321,2,0.3,0.4,0.3,319.6532554542646,52.81136215478182
Entropy Sampling,4321,3,0.3,0.55,0.15,279.8997186101042,52.4124371400103
Entropy Sampling,4321,4,0.0,0.4,0.6,239.73866340704262,51.49854005733505
Entropy Sampling,4321,5,0.2,0.4,0.4,241.5799781018868,50.73190852859989
Entropy Sampling,4321,6,0.4,0.3,0.3,359.929013366811,50.06926106009632
Entropy Sampling,4321,7,0.2,0.45,0.35,399.95914816716686,49.215504807885736
Entropy Sampling,4321,8,0.3,0.45,0.25,400.0413443688303,48.593840662855655
Entropy Sampling,4321,9,0.35,0.45,0.2,320.81319040991366,48.24159199139103
Entropy Sampling,4321,10,0.6,0.3,0.1,321.0811049272306,47.76596531178802
Entropy Sampling,4321,11,0.15,0.6,0.25,598.5726065780036,46.97700033383444
Var Ratios,254,0,0.15,0.35,0.5,639.1962705757469,54.03264178475365
Var Ratios,254,1,0.2,0.45,0.35,240.25732972240075,53.67360962508246
Var Ratios,254,2,0.55,0.2,0.25,161.14097494678572,53.027581630740315
Var Ratios,254,3,0.35,0.5,0.15,280.10385734867305,52.03028308879584
Var Ratios,254,4,0.45,0.4,0.15,241.87565984670073,51.32519355788827
Var Ratios,254,5,0.1,0.5,0.4,201.89725203765556,50.570018377155066
Var Ratios,254,6,0.1,0.4,0.5,320.8072228790261,49.911359396297485
Var Ratios,254,7,0.25,0.7,0.05,360.42410850711167,49.30030379118398
Var Ratios,254,8,0.15,0.45,0.4,241.7772137541324,48.51290782680735
Var Ratios,254,9,0.3,0.55,0.15,399.8335585198365,47.87879510782659
Var Ratios,254,10,0.4,0.25,0.35,399.6837221891619,47.291821687016636
Var Ratios,254,11,0.35,0.45,0.2,161.67448898917064,46.69532763771713
Var Ratios,254,12,0.2,0.4,0.4,201.9065065071918,45.68350155791268
Var Ratios,254,13,0.35,0.5,0.15,360.54686100175604,45.15207554679364
Var Ratios,254,14,0.3,0.45,0.25,400.1257036291063,44.47508167801425
Var Ratios,254,15,0.2,0.45,0.35,162.19156725984067,43.71736442716792
Var Ratios,254,16,0.2,0.35,0.45,399.5056075239554,42.88129596831277
Var Ratios,254,17,0.1,0.75,0.15,399.65027014305815,42.571773630101234
Var Ratios,254,18,0.2,0.4,0.4,479.00357211893424,41.854393179062754
Least Confidence,9031,0,0.3,0.65,0.05,280.9386392356828,54.8331619319506
Least Confidence,9031,1,0.4,0.3,0.3,200.48221409972757,54.14603758370504
Least Confidence,9031,2,0.15,0.55,0.3,280.78328081034124,53.35693966271356
Least Confidence,9031,3,0.5,0.4,0.1,201.4495441201143,52.70521940803155
Least Confidence,9031,4,0.15,0.55,0.3,519.4201773027889,51.99259356688708
Least Confidence,9031,5,0.35,0.3,0.35,320.2906754598953,51.523335120175034
Least Confidence,9031,6,0.2,0.3,0.5,359.38169114710763,50.55144885182381
Least Confidence,9031,7,0.1,0.75,0.15,400.2152242283337,50.005659545306116
Least Confidence,9031,8,0.05,0.6,0.35,518.8167797708884,49.34486631909385
Least Confidence,9031,9,0.1,0.75,0.15,399.9893805240281,48.69300393201411
Least Confidence,9031,10,0.35,0.4,0.25,201.67752245208248,48.25598956877366
Least Confidence,9031,11,0.0,0.6,0.4,479.075293273665,47.260937680955976
Least Confidence,9031,12,0.15,0.5,0.35,359.88502156408504,46.623031847178936
Least Confidence,9031,13,0.3,0.45,0.25,399.15593507280573,46.01757216313854
Least Confidence,9031,14,0.15,0.35,0.5,557.6807838189416,45.60330905718729
Least Confidence,9031,15,0.0,0.1,0.9,280.97375184996054,44.41716199973598
Least Confidence,9031,16,0.2,0.45,0.35,637.4318089410663,43.90949787106365
Least Confidence,9031,17,0.15,0.3,0.55,359.88275965023786,42.87093998119235
Least Confidence,9031,18,0.15,0.45,0.4,320.2775531280786,42.41199249122292
Least Confidence,9031,19,0.35,0.45,0.2,161.65848342468962,41.762078795116395
Least Confidence,9031,20,0.15,0.55,0.3,360.1408765730448,41.145775492768735
Least Confidence,9031,21,0.3,0.35,0.35,440.0828332067467,40.33193737594411
Least Confidence,9031,22,0.45,0.25,0.3,240.94902883982286,39.637473166920245
Least Confidence,9031,23,0.15,0.6,0.25,359.84558285726234,39.16593999089673
Least Confidence,9031,24,0.25,0.55,0.2,360.0816378938034,38.252357417717576
Least Confidence,9031,25,0.4,0.5,0.1,557.7454487131909,37.680430360138416
Least Confidence,9031,26,0.05,0.5,0.45,439.1147934831679,37.038980009034276
Least Confidence,9031,27,0.15,0.7,0.15,319.8494529668242,36.031714354641736
Least Confidence,9031,28,0.15,0.6,0.25,478.75872708531097,35.395301694981754
Least Confidence,9031,29,0.0,0.35,0.65,558.3319033370353,34.76836659805849
Least Confidence,9031,30,0.05,0.5,0.45,478.6496130861342,34.12447499204427
Random,8888,0,0.0,0.45,0.55,281.4040743052028,0.0005270428955554962
Random,8888,1,0.2,0.35,0.45,202.70043712994084,0.0005559041164815426
Random,8888,2,0.1,0.3,0.6,203.19655365217477,0.0005622748285531998
Random,8888,3,0.1,0.25,0.65,362.8602712722495,0.0005632308311760426
Random,8888,4,0.15,0.35,0.5,203.8664325098507,0.0006114169955253601
Random,8888,5,0.05,0.3,0.65,284.32889929926023,0.0006588669493794441
Random,8888,6,0.05,0.35,0.6,283.5995896128006,0.0006241351366043091
Random,8888,7,0.05,0.35,0.6,603.0726045584306,0.0005978341214358807
Random,8888,8,0.1,0.45,0.45,364.06593469902873,0.0005688881501555443
Random,8888,9,0.2,0.45,0.35,164.2091046818532,0.0005649179220199585
Random,8888,10,0.2,0.2,0.6,323.71487091481686,0.0005092602223157883
Random,8888,11,0.2,0.45,0.35,284.18678759690374,0.0005817650817334652
Random,8888,12,0.1,0.2,0.7,204.13140655402094,0.0005707200616598129
Random,8888,13,0.15,0.35,0.5,164.4878847100772,0.0005720732733607292
Random,8888,14,0.2,0.3,0.5,485.5833430807106,0.0005690278485417366
Random,8888,15,0.15,0.35,0.5,204.1918601100333,0.0006003980524837971
Random,8888,16,0.2,0.4,0.4,323.58270613104105,0.0005686571821570396
Random,8888,17,0.1,0.4,0.5,284.3289922638796,0.0005738441832363605
Random,8888,18,0.2,0.3,0.5,682.9043838498183,0.0005521513521671295
Random,8888,19,0.1,0.55,0.35,283.5996223012917,0.0005708071403205395
Random,8888,20,0.2,0.2,0.6,403.4409945718944,0.0004997709766030312
Random,8888,21,0.15,0.4,0.45,444.0105087640695,0.0005642939358949661
Random,8888,22,0.2,0.45,0.35,404.73804171197116,0.0005697421729564667
Random,8888,23,0.1,0.45,0.45,363.90453245397657,0.0005658403970301151
Random,8888,24,0.1,0.55,0.35,604.0100725931115,0.0005665924400091171
BatchBALD,254,0,0.2,0.15,0.65,438.08194838184863,87.57656572805718
BatchBALD,254,1,0.15,0.5,0.35,279.65106045408174,86.28909643506631
BatchBALD,254,2,0.45,0.4,0.15,240.83055742597207,85.07797758374363
BatchBALD,254,3,0.35,0.05,0.6,320.0752619006671,84.00229677231982
BatchBALD,254,4,0.0,0.55,0.45,359.8922668849118,82.86361531587318
BatchBALD,254,5,0.3,0.65,0.05,202.12446985812858,82.32744194893166
BatchBALD,254,6,0.35,0.35,0.3,280.77632230194286,80.9052871898748
BatchBALD,254,7,0.4,0.35,0.25,320.95297684473917,79.40300047816709
BatchBALD,254,8,0.4,0.3,0.3,281.147208834067,78.79409406613559
BatchBALD,254,9,0.2,0.5,0.3,320.81213949387893,77.66188726993278
BatchBALD,254,10,0.85,0.15,0.0,201.80892658000812,76.34858969692141
BatchBALD,254,11,0.3,0.45,0.25,241.12598661892116,75.45442220615223
BatchBALD,254,12,0.6,0.35,0.05,439.49687295686454,74.4525548350066
BatchBALD,254,13,0.3,0.4,0.3,400.1459561176598,73.43484135624021
BatchBALD,254,14,0.25,0.3,0.45,201.48250134009868,72.41951712826267
BatchBALD,254,15,0.35,0.5,0.15,399.93719815602526,71.03690550709143
BatchBALD,254,16,0.05,0.45,0.5,201.8817821368575,70.12606793502346
BatchBALD,254,17,0.3,0.45,0.25,280.5922459969297,69.18266926007345
BatchBALD,254,18,0.4,0.45,0.15,280.56968939024955,67.87828192906454
BatchBALD,254,19,0.0,0.7,0.3,400.08146826084703,67.1301485686563
BatchBALD,254,20,0.45,0.35,0.2,399.57816145103425,66.72857473092154
BatchBALD,254,21,0.15,0.4,0.45,399.41489439224824,64.63662651926279
BatchBALD,254,22,0.05,0.6,0.35,201.6639011609368,63.49221492698416
BatchBALD,254,23,0.55,0.3,0.15,241.06353926099837,62.45069891307503
BatchBALD,254,24,0.2,0.5,0.3,280.9999306756072,61.36780185485259
BatchBALD,254,25,0.15,0.45,0.4,201.6626298832707,60.732901986222714
BatchBALD,254,26,0.4,0.45,0.15,479.2039476200007,59.59571298211813
BatchBALD,8888,0,0.35,0.35,0.3,202.05351857095957,87.30033273994923
BatchBALD,8888,1,0.35,0.3,0.35,358.95660790381953,86.03698159800842
BatchBALD,8888,2,0.3,0.35,0.35,438.6528124436736,84.87273263698444
BatchBALD,8888,3,0.4,0.35,0.25,161.9889257666655,83.71118910005316
BatchBALD,8888,4,0.35,0.3,0.35,400.4386219359003,82.65190112404525
BatchBALD,8888,5,0.1,0.25,0.65,162.73168603796512,81.72093433188275
BatchBALD,8888,6,0.35,0.35,0.3,399.5729133207351,80.65007809270173
BatchBALD,8888,7,0.15,0.7,0.15,360.96073209820315,79.47375798691064
BatchBALD,8888,8,0.15,0.35,0.5,320.6342369168997,78.59490653080866
BatchBALD,8888,9,0.7,0.25,0.05,559.195391387213,77.55568638304248
BatchBALD,8888,10,0.2,0.45,0.35,241.46925866836682,76.65146931633353
BatchBALD,8888,11,0.15,0.65,0.2,281.32213335996494,75.38585226796567
BatchBALD,8888,12,0.65,0.3,0.05,201.5911635751836,74.2924165003933
BatchBALD,8888,13,0.1,0.2,0.7,161.85229466017336,73.34256576001644
BatchBALD,8888,14,0.05,0.5,0.45,201.8133013783954,72.28584855888039
BatchBALD,8888,15,0.25,0.7,0.05,241.73026972822845,71.29493256099522
BatchBALD,8888,16,0.6,0.35,0.05,399.7417635368183,69.95218865992501
BatchBALD,8888,17,0.35,0.65,0.0,360.2057893751189,69.13278236519545
BatchBALD,8888,18,0.1,0.65,0.25,478.94258398376405,67.83796766167507
BatchBALD,8888,19,0.55,0.3,0.15,202.06398423667997,66.8885724209249
BatchBALD,8888,20,0.55,0.25,0.2,201.8319673272781,65.99824999179691
BatchBALD,8888,21,0.6,0.3,0.1,360.44597406405956,64.49164600204676
Var Ratios,1234,0,0.5,0.2,0.3,400.5386144546792,54.05206833872944
Var Ratios,1234,1,0.3,0.45,0.25,477.38871777430177,52.91951444372535
Var Ratios,1234,2,0.35,0.45,0.2,202.39639465278015,53.875283032190055
Var Ratios,1234,3,0.1,0.45,0.45,241.06668108236045,52.987542249727994
Var Ratios,1234,4,0.3,0.35,0.35,281.0137775549665,51.20252227364108
Var Ratios,1234,5,0.35,0.5,0.15,202.0785509608686,50.54689015308395
Var Ratios,1234,6,0.05,0.6,0.35,202.504667583853,49.85255237715319
Var Ratios,1234,7,0.05,0.45,0.5,360.75374582596123,48.85454964824021
Var Ratios,1234,8,0.2,0.65,0.15,242.70587676530704,48.28168735979125
Var Ratios,1234,9,0.1,0.6,0.3,242.06077708490193,47.48079716600478
Var Ratios,1234,10,0.1,0.7,0.2,362.44864355493337,46.891325471922755
Var Ratios,1234,11,0.1,0.5,0.4,560.8050792668946,46.10800743382424
Margin Sampling,254,0,0.3,0.6,0.1,320.50786335673183,54.20259391609579
Margin Sampling,254,1,0.15,0.5,0.35,201.27397420816123,53.49736935598776
Margin Sampling,254,2,0.1,0.4,0.5,201.33315340802073,53.0159915657714
Margin Sampling,254,3,0.2,0.5,0.3,320.91006575198844,52.02919489191845
Margin Sampling,254,4,0.45,0.25,0.3,281.30652447836474,51.43182103475556
Margin Sampling,254,5,0.25,0.3,0.45,440.947667399887,50.543591663241386
Margin Sampling,254,6,0.25,0.5,0.25,282.3625936326571,49.93491417914629
Margin Sampling,254,7,0.25,0.45,0.3,162.60309405997396,49.16840817267075
Margin Sampling,254,8,0.25,0.5,0.25,241.60541901085526,48.69230741309002
Margin Sampling,254,9,0.1,0.4,0.5,241.81433876696974,47.79180193087086
Margin Sampling,254,10,0.15,0.6,0.25,241.96115169487894,47.12579915067181
Margin Sampling,254,11,0.15,0.6,0.25,361.1829970199615,46.58984200004488
Margin Sampling,254,12,0.15,0.45,0.4,282.61469318764284,45.73002654872835
Margin Sampling,254,13,0.15,0.75,0.1,401.1035441542044,45.04605006612837
Margin Sampling,254,14,0.1,0.45,0.45,402.0682247141376,44.30968247028068
Margin Sampling,254,15,0.2,0.5,0.3,401.40241134818643,43.62556744320318
Margin Sampling,254,16,0.2,0.25,0.55,520.2463564760983,43.01105462806299
Margin Sampling,254,17,0.2,0.45,0.35,282.54884760128334,42.17026840429753
Margin Sampling,254,18,0.05,0.4,0.55,242.21769885579124,41.51260617375374
Margin Sampling,254,19,0.2,0.5,0.3,440.0683982037008,41.01136683020741
Var Ratios,4321,0,0.6,0.2,0.2,162.91883969912305,54.62602056609467
Var Ratios,4321,1,0.25,0.5,0.25,240.90298111829907,53.43439974542707
Var Ratios,4321,2,0.3,0.35,0.35,359.9413014901802,53.27465571416542
Var Ratios,4321,3,0.45,0.4,0.15,201.98881109291688,52.12416177615523
Var Ratios,4321,4,0.2,0.4,0.4,479.7677706978284,51.247561044991016
Var Ratios,4321,5,0.0,0.35,0.65,201.95770293986425,50.74870277475566
Var Ratios,4321,6,0.0,0.45,0.55,241.11648277193308,50.13572878576815
Var Ratios,4321,7,0.2,0.55,0.25,520.126127618365,49.47911754902452
Var Ratios,4321,8,0.25,0.55,0.2,162.2607300588861,48.78714516805485
Var Ratios,4321,9,0.5,0.45,0.05,321.35135508095846,48.1600719508715
Var Ratios,4321,10,0.15,0.5,0.35,440.33010366698727,47.58447014819831
Var Ratios,4321,11,0.0,0.7,0.3,321.5674382778816,46.65317644737661
Mean STD,8888,0,0.1,0.35,0.55,281.6162075949833,54.20651141507551
Mean STD,8888,1,0.2,0.3,0.5,319.8625324261375,53.32595643820241
Mean STD,8888,2,0.3,0.55,0.15,280.36674863891676,52.8034070157446
Mean STD,8888,3,0.65,0.35,0.0,201.61523235635832,52.119854947086424
Mean STD,8888,4,0.3,0.35,0.35,241.07420787075534,51.539392571896315
Mean STD,8888,5,0.3,0.45,0.25,281.10747695714235,50.6750954631716
Mean STD,8888,6,0.2,0.5,0.3,241.50748903304338,50.049421766772866
Mean STD,8888,7,0.25,0.5,0.25,400.53394120093435,49.658527976833284
Mean STD,8888,8,0.2,0.5,0.3,558.7497879280709,48.7331252428703
Mean STD,8888,9,0.2,0.15,0.65,282.16139081213623,47.974962211214006
Mean STD,8888,10,0.2,0.55,0.25,519.6686260788701,47.365611736197025
Mean STD,8888,11,0.45,0.2,0.35,480.47746602166444,46.59108321694657
Mean STD,8888,12,0.6,0.35,0.05,362.41790533298627,46.81418502004817
Mean STD,8888,13,0.75,0.2,0.05,718.8447500937618,45.153475627768785
Mean STD,8888,14,0.15,0.6,0.25,321.7277121017687,44.450691181235015
Mean STD,8888,15,0.25,0.6,0.15,361.6918021561578,43.64075559517369
Mean STD,8888,16,0.85,0.1,0.05,321.6995147750713,42.97664159582928
Mean STD,8888,17,0.2,0.25,0.55,282.18116562301293,42.664027898106724
Mean STD,8888,18,0.3,0.55,0.15,281.8151275049895,41.53929702891037
Mean STD,8888,19,0.2,0.6,0.2,321.8130050599575,40.69571958621964
Mean STD,8888,20,0.35,0.55,0.1,241.9467830983922,40.454279891680926
Mean STD,8888,21,0.3,0.35,0.35,361.7539859698154,39.70820879470557
Mean STD,8888,22,0.0,0.6,0.4,400.8585015600547,39.054555234033614
Mean STD,8888,23,0.05,0.55,0.4,361.6857638093643,38.458176468964666
Mean STD,8888,24,0.3,0.55,0.15,242.4553083400242,37.48623436503112
Mean STD,8888,25,0.0,0.3,0.7,401.09988063713536,36.68594177020714
Mean STD,8888,26,0.5,0.4,0.1,480.74631390115246,36.23757055774331
Mean STD,8888,27,0.35,0.4,0.25,242.15191170899197,35.80851942580193
Mean STD,8888,28,0.0,0.5,0.5,201.96873777499422,34.907530741300434
Mean STD,8888,29,0.0,0.7,0.3,242.04710580408573,34.065424914937466
Mean STD,8888,30,0.05,0.7,0.25,440.71378765814006,33.29835832584649
Margin Sampling,58,0,0.15,0.45,0.4,241.73464652802795,54.240351958666
Margin Sampling,58,1,0.2,0.5,0.3,161.87849782872945,53.33070878777653
Margin Sampling,58,2,0.45,0.3,0.25,242.34490987099707,52.72533192811534
Margin Sampling,58,3,0.0,0.45,0.55,242.62341211736202,52.765314743854105
Margin Sampling,58,4,0.2,0.35,0.45,362.68815947091207,51.43064538296312
Margin Sampling,58,5,0.1,0.4,0.5,242.41678394190967,50.59382115397602
Margin Sampling,58,6,0.2,0.3,0.5,402.77939010597765,49.95394515199587
Margin Sampling,58,7,0.35,0.55,0.1,403.0973985372111,49.04359035892412
Margin Sampling,58,8,0.15,0.45,0.4,323.17418933520094,48.69223526865244
Margin Sampling,58,9,0.15,0.65,0.2,283.9056867021136,47.78525554295629
Margin Sampling,58,10,0.15,0.5,0.35,323.64140332024544,47.08269463991746
Margin Sampling,58,11,0.2,0.3,0.5,403.85772185819224,46.360744029749185
Entropy Sampling,58,0,0.3,0.45,0.25,320.6836110865697,54.55554574681446
Entropy Sampling,58,1,0.4,0.4,0.2,240.6432385421358,53.36785323405638
Entropy Sampling,58,2,0.2,0.5,0.3,280.18516259174794,52.8070340664126
Entropy Sampling,58,3,0.05,0.4,0.55,359.8439411446452,52.114676736760885
Entropy Sampling,58,4,0.2,0.55,0.25,201.7639070400037,51.47379095200449
Entropy Sampling,58,5,0.05,0.65,0.3,479.7958993590437,50.672191855032
Entropy Sampling,58,6,0.15,0.55,0.3,400.6214345730841,49.821398929692805
Entropy Sampling,58,7,0.15,0.55,0.3,599.4255651710555,49.239782033953816
Entropy Sampling,58,8,0.5,0.4,0.1,401.2445198968053,48.78513429686427
Entropy Sampling,58,9,0.45,0.45,0.1,479.8950006812811,47.828964232932776
Entropy Sampling,58,10,0.1,0.4,0.5,281.3661394850351,47.12171337008476
Entropy Sampling,58,11,0.5,0.4,0.1,281.4979798030108,46.25594987580553
Entropy Sampling,58,12,0.05,0.5,0.45,519.7115486944094,45.85833402490243
Mean STD,254,0,0.55,0.15,0.3,240.68527543079108,54.29805503692478
Mean STD,254,1,0.15,0.3,0.55,201.12694563576952,53.5354880890809
Mean STD,254,2,0.55,0.35,0.1,200.94218958495185,53.162522074300796
Mean STD,254,3,0.1,0.35,0.55,398.1526034353301,52.392932058312
Mean STD,254,4,0.6,0.2,0.2,200.78557874122635,51.52082793787122
Mean STD,254,5,0.25,0.6,0.15,280.307806706056,50.8441844349727
Mean STD,254,6,0.2,0.35,0.45,598.0806966340169,51.587768636178225
Mean STD,254,7,0.5,0.25,0.25,480.2471164977178,50.90259036934003
Mean STD,254,8,0.0,0.35,0.65,202.14163599628955,49.09022227674723
Mean STD,254,9,0.5,0.45,0.05,280.6316157123074,48.4142654100433
Mean STD,254,10,0.05,0.6,0.35,320.53783439286053,47.80210843635723
Mean STD,254,11,0.1,0.65,0.25,558.9072122802027,46.85199843905866
Mean STD,254,12,0.55,0.4,0.05,281.3480580947362,46.1722705620341
Mean STD,254,13,0.0,0.7,0.3,519.0840056901798,45.420031568966806
Entropy Sampling,1234,0,0.15,0.4,0.45,359.77884817821905,53.790212761145085
Entropy Sampling,1234,1,0.55,0.4,0.05,239.67845085728914,52.98781682830304
Entropy Sampling,1234,2,0.05,0.55,0.4,554.3902970873751,52.4664083099924
Entropy Sampling,1234,3,0.1,0.45,0.45,200.77320374781266,51.8691779691726
Entropy Sampling,1234,4,0.35,0.45,0.2,320.0224192100577,51.134925826918334
Entropy Sampling,1234,5,0.65,0.3,0.05,280.6137522771023,50.46033038618043
Entropy Sampling,1234,6,0.1,0.2,0.7,281.93971250299364,49.599519092123955
Entropy Sampling,1234,7,0.25,0.5,0.25,202.21654197992757,49.70749274920672
Entropy Sampling,1234,8,0.45,0.4,0.15,282.69809145480394,48.445159192197025
Entropy Sampling,1234,9,0.1,0.4,0.5,281.0526556991972,47.819021290168166
Entropy Sampling,1234,10,0.2,0.6,0.2,441.2148149460554,48.307472276035696
Least Confidence,58,0,0.1,0.55,0.35,320.4499851921573,54.04933602409437
Least Confidence,58,1,0.15,0.4,0.45,241.11706458870322,53.52434073993936
Least Confidence,58,2,0.4,0.3,0.3,399.9419175758958,52.81374499807134
Least Confidence,58,3,0.2,0.45,0.35,399.99400802887976,51.8913467861712
Least Confidence,58,4,0.1,0.45,0.45,479.3675141171552,51.55478602927178
Least Confidence,58,5,0.25,0.6,0.15,242.15461700968444,50.46928294422105
Least Confidence,58,6,0.2,0.8,0.0,202.28972234204412,50.200294335372746
Least Confidence,58,7,0.25,0.5,0.25,321.92831433797255,49.161358036100864
Least Confidence,58,8,0.2,0.35,0.45,440.8269652421586,48.4046801389195
Least Confidence,58,9,0.15,0.2,0.65,361.31866700109094,47.9472090289928
Least Confidence,58,10,0.0,0.45,0.55,442.3996353391558,47.13969163689762
Least Confidence,58,11,0.05,0.6,0.35,202.2033051638864,46.535746773239225
Least Confidence,58,12,0.45,0.45,0.1,480.6009787931107,45.99612584291026
Least Confidence,58,13,0.55,0.4,0.05,362.54849088564515,45.15259791398421
Least Confidence,58,14,0.25,0.55,0.2,323.4566551372409,44.478450157213956
Least Confidence,58,15,0.0,0.45,0.55,720.4454272957519,43.701386431697756
Least Confidence,58,16,0.25,0.5,0.25,520.4147799597122,43.146119521930814
Least Confidence,58,17,0.25,0.25,0.5,442.6199869220145,42.592624315992
Least Confidence,58,18,0.5,0.4,0.1,322.8702434091829,41.78510020580143
Least Confidence,58,19,0.75,0.2,0.05,162.62608517007902,41.154661007691175
Least Confidence,58,20,0.3,0.55,0.15,282.25661661010236,40.51694860588759
Least Confidence,58,21,0.15,0.5,0.35,402.98496708087623,40.976576967630535
Least Confidence,58,22,0.35,0.5,0.15,283.1734967706725,39.38048199005425
Least Confidence,58,23,0.2,0.6,0.2,282.38955736905336,38.47755910502747
Least Confidence,58,24,0.05,0.5,0.45,481.168952438049,37.769792136736214
Least Confidence,58,25,0.35,0.5,0.15,242.78019778663293,37.11887810379267
Least Confidence,58,26,0.2,0.35,0.45,401.4364777132869,36.43957531126216
Least Confidence,58,27,0.1,0.6,0.3,322.0974534628913,35.68727465206757
Least Confidence,58,28,0.15,0.55,0.3,441.77700446592644,35.06934125022963
BatchBALD,58,0,0.65,0.2,0.15,242.4495724281296,88.42243013484403
BatchBALD,58,1,0.25,0.3,0.45,161.1603003833443,86.50932385120541
BatchBALD,58,2,0.5,0.25,0.25,321.3550952579826,85.27909412002191
BatchBALD,58,3,0.45,0.35,0.2,201.97294962592423,84.18422973016277
BatchBALD,58,4,0.8,0.2,0.0,242.29670588485897,82.97507669078186
BatchBALD,58,5,0.15,0.45,0.4,281.9850159599446,82.23267977172509
BatchBALD,58,6,0.1,0.45,0.45,201.721451271791,81.371585061308
BatchBALD,58,7,0.25,0.45,0.3,321.90465363673866,80.76941561093554
BatchBALD,58,8,0.05,0.4,0.55,519.4662970490754,78.85331797879189
BatchBALD,58,9,0.2,0.4,0.4,361.38584484392777,77.87727498402819
BatchBALD,58,10,0.3,0.55,0.15,242.48538951389492,77.00741747720167
BatchBALD,58,11,0.15,0.25,0.6,242.40487769478932,75.60070464899763
BatchBALD,58,12,0.3,0.5,0.2,441.4008386898786,74.40698106586933
BatchBALD,58,13,0.6,0.3,0.1,362.0331930844113,73.40229805000126
BatchBALD,58,14,0.35,0.55,0.1,360.9774036598392,72.48476236080751
BatchBALD,58,15,0.35,0.4,0.25,282.79379577795044,71.20508309220895
BatchBALD,58,16,0.15,0.6,0.25,281.91890325723216,70.17578047979623
BatchBALD,58,17,0.45,0.4,0.15,361.49025415675715,69.13069166988134
BatchBALD,58,18,0.3,0.3,0.4,400.2595402058214,68.38090435182676
BatchBALD,58,19,0.45,0.3,0.25,242.27614035923034,67.2611147700809
BatchBALD,58,20,0.15,0.65,0.2,400.7793275457807,66.08414995716885
BatchBALD,58,21,0.35,0.4,0.25,521.4703647047281,64.8022671090439
BatchBALD,58,22,0.25,0.55,0.2,282.253469217103,63.82581647671759
BatchBALD,58,23,0.45,0.4,0.15,321.5002758628689,62.67126761097461
Least Confidence,4321,0,0.15,0.6,0.25,520.9825168410316,53.88855847110972
Least Confidence,4321,1,0.15,0.45,0.4,519.7218971149996,53.065675320103765
Least Confidence,4321,2,0.2,0.6,0.2,281.6807999177836,52.40486808726564
Least Confidence,4321,3,0.1,0.2,0.7,321.3898507487029,52.014881214126945
Least Confidence,4321,4,0.2,0.45,0.35,402.1267175297253,51.18814750434831
Least Confidence,4321,5,0.1,0.6,0.3,322.06108974292874,50.488436847925186
Least Confidence,4321,6,0.2,0.55,0.25,400.5700926729478,49.63872608914971
Least Confidence,4321,7,0.15,0.7,0.15,202.7441045390442,49.06649567000568
Least Confidence,4321,8,0.05,0.35,0.6,362.1722897971049,48.23587319301441
Least Confidence,4321,9,0.4,0.45,0.15,362.2667307849042,47.44520354596898
Least Confidence,4321,10,0.15,0.55,0.3,481.85617746785283,46.91814670432359
Least Confidence,4321,11,0.0,0.5,0.5,362.4520010049455,46.493804840836674
Least Confidence,4321,12,0.1,0.6,0.3,402.23539925785735,45.734996751882136
Least Confidence,4321,13,0.2,0.55,0.25,481.85424048407003,45.070390043314546
Least Confidence,4321,14,0.3,0.5,0.2,401.5487531358376,44.167408272158355
Least Confidence,4321,15,0.35,0.5,0.15,481.9256687220186,43.841987024992704
Least Confidence,4321,16,0.3,0.5,0.2,481.63443764997646,42.95114655001089
Least Confidence,4321,17,0.25,0.5,0.25,322.7896224609576,42.32370374025777
Least Confidence,4321,18,0.2,0.55,0.25,680.7472827001475,41.90712522622198
Least Confidence,4321,19,0.15,0.35,0.5,363.1182409641333,41.00192542979494
Least Confidence,4321,20,0.15,0.35,0.5,402.8471377082169,40.61654881807044
Least Confidence,254,0,0.2,0.2,0.6,201.83423248818144,54.38260369794443
Least Confidence,254,1,0.25,0.55,0.2,240.49053141428158,53.80236012022942
Least Confidence,254,2,0.4,0.4,0.2,241.4703052090481,53.29330582311377
Least Confidence,254,3,0.35,0.45,0.2,241.7769160475582,52.06681135203689
Least Confidence,254,4,0.2,0.55,0.25,202.2956913691014,51.47500350698829
Least Confidence,254,5,0.1,0.55,0.35,162.0676371883601,50.89695616113022
Least Confidence,254,6,0.15,0.7,0.15,202.1384078268893,50.14428815385327
Least Confidence,254,7,0.35,0.35,0.3,520.5722721051425,49.345649532973766
Least Confidence,254,8,0.0,0.4,0.6,201.8604789096862,48.78395156003535
Least Confidence,254,9,0.15,0.55,0.3,479.84890650073066,48.36090196017176
Least Confidence,254,10,0.1,0.5,0.4,321.2704206840135,47.53875335911289
Least Confidence,254,11,0.05,0.7,0.25,361.87884952593595,46.861574373207986
Least Confidence,254,12,0.15,0.6,0.25,560.1013838476501,46.22702177474275
Least Confidence,254,13,0.05,0.4,0.55,281.95837033493444,45.486519786994904
Least Confidence,254,14,0.2,0.3,0.5,441.76281913602725,44.74766341177747
Least Confidence,254,15,0.05,0.55,0.4,440.7920504640788,44.01688664825633
Margin Sampling,8888,0,0.2,0.3,0.5,281.6532527022064,53.737753259949386
Margin Sampling,8888,1,0.2,0.5,0.3,281.30133733619004,53.038247163407505
Margin Sampling,8888,2,0.15,0.3,0.55,361.42064272006974,52.52611356601119
Margin Sampling,8888,3,0.3,0.3,0.4,401.1615426889621,51.86869536712766
Margin Sampling,8888,4,0.2,0.45,0.35,361.72154480731115,51.12222954025492
Margin Sampling,8888,5,0.0,0.6,0.4,282.0894636409357,50.3347889687866
Margin Sampling,8888,6,0.25,0.45,0.3,322.82619721489027,49.564504489302635
Margin Sampling,8888,7,0.3,0.5,0.2,402.0465789111331,48.73614715971053
Margin Sampling,8888,8,0.1,0.6,0.3,362.97410990297794,48.22011114982888
Margin Sampling,8888,9,0.1,0.45,0.45,242.88527408102527,47.42365264799446
Margin Sampling,8888,10,0.05,0.45,0.5,562.7606096258387,46.745137362740934
Margin Sampling,8888,11,0.2,0.55,0.25,442.5779926972464,45.99247741512954
Margin Sampling,8888,12,0.15,0.35,0.5,522.6875052838586,45.21401705080643
Margin Sampling,8888,13,0.15,0.65,0.2,323.3134019379504,44.71565276524052
Margin Sampling,8888,14,0.1,0.7,0.2,402.3976676170714,43.8899217993021
Margin Sampling,8888,15,0.1,0.5,0.4,443.16571179497987,43.26181570999324
Margin Sampling,8888,16,0.3,0.25,0.45,163.17751885391772,42.7025803909637
Margin Sampling,8888,17,0.15,0.55,0.3,483.23018433805555,42.19983986578882
Margin Sampling,8888,18,0.05,0.6,0.35,242.90582832414657,41.18432682706043
Margin Sampling,8888,19,0.2,0.55,0.25,361.6431631539017,40.52194326603785
Margin Sampling,8888,20,0.1,0.55,0.35,283.33651709603146,40.014720632229
Margin Sampling,8888,21,0.1,0.4,0.5,522.4930945090018,39.16658562188968
Margin Sampling,8888,22,0.2,0.35,0.45,242.33731289207935,38.61163893900812
Margin Sampling,8888,23,0.25,0.55,0.2,282.15298210829496,37.91564502194524
Margin Sampling,8888,24,0.15,0.5,0.35,322.931109322235,37.1877176403068
Margin Sampling,8888,25,0.25,0.5,0.25,321.8866119068116,36.54969817213714
Margin Sampling,8888,26,0.45,0.3,0.25,401.77646809397265,35.83956442773342
Margin Sampling,8888,27,0.3,0.45,0.25,243.06816880730912,35.134598757606
Margin Sampling,8888,28,0.35,0.3,0.35,442.0201437892392,34.590481750667095
Margin Sampling,8888,29,0.15,0.55,0.3,322.5009658932686,33.87883660942316
Margin Sampling,8888,30,0.0,0.4,0.6,521.2808033111505,33.277459140866995
Margin Sampling,8888,31,0.1,0.65,0.25,322.54456568788737,32.43116895575076
Margin Sampling,8888,32,0.1,0.4,0.5,720.5178293427452,31.695037346798927
Entropy Sampling,9031,0,0.25,0.35,0.4,475.93964015878737,54.568355458788574
Entropy Sampling,9031,1,0.1,0.4,0.5,199.61638436373323,53.864277055021375
Entropy Sampling,9031,2,0.1,0.5,0.4,200.03854506323114,53.08580613322556
Entropy Sampling,9031,3,0.35,0.55,0.1,436.1853922838345,52.72557419911027
Entropy Sampling,9031,4,0.3,0.3,0.4,239.28139001410455,51.65051475027576
Entropy Sampling,9031,5,0.15,0.5,0.35,435.83237385796383,51.04835177026689
Entropy Sampling,9031,6,0.05,0.5,0.45,515.1020071129315,50.26112198224291
Entropy Sampling,9031,7,0.0,0.35,0.65,240.02802037494257,49.50603781407699
Entropy Sampling,9031,8,0.25,0.45,0.3,318.8187829251401,48.803620560094714
Entropy Sampling,9031,9,0.15,0.6,0.25,200.86601428175345,48.075324474368244
Entropy Sampling,9031,10,0.3,0.55,0.15,279.67473912704736,47.18764811195433
Entropy Sampling,9031,11,0.0,0.3,0.7,476.7453010138124,46.77982060192153
Entropy Sampling,9031,12,0.1,0.55,0.35,476.6332962359302,46.234297894407064
Entropy Sampling,9031,13,0.4,0.35,0.25,280.2843418032862,45.596357534173876
Entropy Sampling,9031,14,0.1,0.15,0.75,516.5392939299345,44.824010639917105
Entropy Sampling,9031,15,0.25,0.35,0.4,241.21023890702054,44.133918948005885
Entropy Sampling,9031,16,0.35,0.35,0.3,200.81905861804262,43.409667662810534
Entropy Sampling,9031,17,0.05,0.4,0.55,318.4695317498408,42.811698271892965
Entropy Sampling,9031,18,0.2,0.6,0.2,553.686895661056,42.113841174636036
Entropy Sampling,9031,19,0.1,0.4,0.5,556.1713718650863,41.379939107224345
